ID,Group,M_At1,M_At2,M_Bt1,M_Bt2
01001,AL,11.4,31.5,13,34.1
01003,AL,9.8,26.2,10.4,27.4
01005,AL,13.6,37.6,18.4,44.4
01007,AL,11.1,32.3,14.8,40.3
01009,AL,11.4,31.9,14.1,34.6
01011,AL,14.9,37.8,19.6,43
01013,AL,15.1,36.8,17.7,36.3
01015,AL,14.5,33.5,14.9,32.2
01017,AL,16.1,35.5,16.4,39.7
01019,AL,13.6,31.5,13.3,33.6
01021,AL,10.2,34.8,13.3,35.9
01023,AL,14.7,36.5,18.1,40.8
01025,AL,14.1,36,16.3,38.2
01027,AL,13.2,32.2,14.6,37.3
01029,AL,11,28.8,12.6,30
01031,AL,12.1,32.7,15.9,33.7
01033,AL,13.5,34.7,18.7,37.5
01035,AL,14.5,32.1,17.4,36.4
01037,AL,13.2,33.2,17.3,39.7
01039,AL,13.1,33.8,14.7,34
01041,AL,12.6,33.6,16.5,39.7
01043,AL,11.9,30.1,14.4,33.4
01045,AL,13.5,34.4,14.1,36.5
01047,AL,15.6,39.9,19,40.8
01049,AL,11.2,31.7,13.4,30.4
01051,AL,9.9,29,13.4,35.4
01053,AL,12.3,34.4,17.8,37.7
01055,AL,11.6,30.8,16.8,35.1
01057,AL,12.7,32.3,15.1,33.7
01059,AL,12.8,29.5,13.9,33.2
01061,AL,12.6,32,13.9,34.1
01063,AL,18.2,43.7,21,46.3
01065,AL,15.1,40.2,16,40.4
01067,AL,13.5,33.8,18.7,35.8
01069,AL,12.4,33.2,13.7,32.8
01071,AL,11.9,31.6,14.9,32
01073,AL,12,31.4,13,33.2
01075,AL,12.7,30.8,14.9,33.6
01077,AL,12.8,29.1,14.2,32.9
01079,AL,12.9,32.8,15.6,35.5
01081,AL,9.6,30.1,9.5,29
01083,AL,10.4,29.1,12.6,32.9
01085,AL,17.1,40.6,23.5,45.1
01087,AL,16.2,40,18.4,44.7
01089,AL,13,30.6,11.5,32.3
01091,AL,15.9,37.6,20.2,40.3
01093,AL,11.7,28.6,18.7,35.5
01095,AL,11.5,26.5,12.8,33.2
01097,AL,12.2,30.3,15.6,37.1
01099,AL,13.5,35.4,17.8,35.3
01101,AL,12.7,34,13.5,34.8
01103,AL,11,34.8,12.6,31.6
01105,AL,17.5,40.7,21.7,43
01107,AL,14.9,34.8,16.4,36.4
01109,AL,12.9,35.1,13.5,38.4
01111,AL,12.9,31.9,14.9,30.9
01113,AL,13.6,36.7,12.9,36.4
01115,AL,11.4,33.7,12.8,33
01117,AL,8,28.4,8.7,30.1
01119,AL,17.1,40.8,20.1,40.3
01121,AL,13.6,34,15.3,39
01123,AL,14.3,33.9,13.7,36.9
01125,AL,11.1,33.1,12.3,34.3
01127,AL,13.3,33.1,16.7,33.2
01129,AL,12.9,34.9,17.8,40.2
01131,AL,17.1,40.8,19.3,44.9
01133,AL,10,29.3,13.2,30.2
02013,AK,5.5,28.4,7.6,33.4
02016,AK,5.9,30,6.2,39.4
02020,AK,7,26.5,7,27
02050,AK,5.5,31.9,5.8,30.3
02060,AK,6.8,32.6,8.5,39.7
02068,AK,6,29.8,5.8,27
02070,AK,7.8,38.5,7.2,38
02090,AK,5.2,25.5,5.5,28.1
02100,AK,6.6,29.4,7.9,25.5
02105,AK,NA,NA,7.3,31.8
02110,AK,5.3,26.7,5.9,28.6
02122,AK,6.3,29.9,7.2,28.4
02130,AK,7.2,34,8.9,30.8
02150,AK,6.2,26.2,6.6,30.2
02164,AK,7.2,34.3,7.4,31.9
02170,AK,5.8,27.9,8.2,30.2
02180,AK,7.1,33,6,31.7
02185,AK,7.1,37.7,6.5,36.5
02188,AK,6.6,31.3,6.5,32.4
02195,AK,NA,NA,7.1,30.5
02198,AK,NA,NA,7.3,35.2
02220,AK,6.8,30.5,6.7,28.7
02230,AK,NA,NA,6.4,28.1
02240,AK,6.3,31.4,6.9,33.1
02261,AK,6.2,32.9,7.4,30.4
02270,AK,6.4,32.5,4.6,32.6
02275,AK,NA,NA,8.9,30.6
02282,AK,7.3,29.2,7.9,31.3
02290,AK,6.9,32.2,8.3,28.3
04001,AZ,13.6,31.7,14.4,35.2
04003,AZ,8.4,23.3,10.3,26
04005,AZ,7.1,20.8,7.6,23.2
04007,AZ,10.9,25.8,11.2,27.5
04009,AZ,9.1,30.1,10.3,32.5
04011,AZ,8.2,32.8,10.7,34.7
04012,AZ,12,28.6,14.8,32
04013,AZ,7.4,23.1,9,25.4
04015,AZ,11.1,27,12.8,29.6
04017,AZ,12.9,27.6,13.1,30.9
04019,AZ,7.8,23.5,8.8,24.2
04021,AZ,8.4,29,12.3,31.6
04023,AZ,6.3,21,8,23
04025,AZ,8,20.1,10.5,25.3
04027,AZ,10,26.6,12.6,30.5
05001,AR,12.6,34.8,12.9,33.8
05003,AR,11.3,35.7,14.5,42.1
05005,AR,11.8,26.6,16,32.3
05007,AR,7.8,28,9.6,30.1
05009,AR,10.1,28.2,12.4,33.9
05011,AR,12.2,32.2,13.1,39
05013,AR,12.6,32.2,13.7,34.2
05015,AR,10.9,25.5,13,35.8
05017,AR,14.7,35.8,15.2,43.1
05019,AR,10.1,31.3,11.6,34.3
05021,AR,12,30.8,11.1,33.7
05023,AR,11.9,28.4,13.5,31.8
05025,AR,11.8,31.7,13,35.7
05027,AR,12,31.8,12.9,36.4
05029,AR,10.4,29.5,13.7,39.7
05031,AR,10.1,31.9,13.1,36.4
05033,AR,8.2,30.1,11.4,35.1
05035,AR,13.8,36.4,15.8,38.8
05037,AR,12.3,31.4,13.6,37.9
05039,AR,13.6,34,14.4,36.2
05041,AR,13.3,35.6,15.1,39.6
05043,AR,10.6,31.8,13.6,34.3
05045,AR,9.3,29.4,11.2,33.2
05047,AR,10.9,32.9,13.8,37.1
05049,AR,11.4,28.8,15.6,32.9
05051,AR,10.2,27.1,14.5,32.3
05053,AR,9.4,32.4,11.1,38.3
05055,AR,9.6,30.7,12.9,31.2
05057,AR,13,33.4,13.5,40.3
05059,AR,10.7,32.5,12.2,34.7
05061,AR,11.8,32.3,13.4,35.7
05063,AR,10.1,29,13.1,37.2
05065,AR,9.8,27.1,15.5,33.9
05067,AR,11.4,31.2,12.9,37.2
05069,AR,12.5,37.4,15.4,40.7
05071,AR,9.9,30.7,12.5,36.4
05073,AR,13.5,32.2,15.3,36.3
05075,AR,11.2,32.1,13.2,31.8
05077,AR,12.7,35.6,13.1,35.7
05079,AR,10.4,33.8,12.3,37.5
05081,AR,11.9,33.1,12.9,32.7
05083,AR,9.6,28.4,13.8,37.5
05085,AR,10.9,32.4,13.1,35.8
05087,AR,9.8,29.1,11.8,34
05089,AR,11.8,30.2,12.2,31.7
05091,AR,13.8,36.1,12.3,35.9
05093,AR,12.6,34.7,15.9,39.8
05095,AR,13.3,32.1,17.2,37.5
05097,AR,10.9,27.7,14.3,33.8
05099,AR,13.2,31.3,13.9,36
05101,AR,12.7,31,12.8,34.2
05103,AR,13.4,33.5,14.8,34.8
05105,AR,10,28.9,12.2,37.5
05107,AR,13.8,38.2,16.7,45.5
05109,AR,11,29,12.4,37.8
05111,AR,11.9,34.1,13.8,38.4
05113,AR,10.7,31.9,13.9,36.7
05115,AR,9.6,31.1,11.2,32.1
05117,AR,11.1,30.3,14.3,36.3
05119,AR,10,28.3,12,31.7
05121,AR,11.4,30.3,12.7,35.3
05123,AR,12.9,34.8,16.4,42.5
05125,AR,9.6,29.6,11.8,32.5
05127,AR,10.9,31.2,11.4,32.5
05129,AR,12.5,30.1,13.4,35
05131,AR,10.1,29.8,12.9,36.9
05133,AR,12.1,32.8,12.2,36.7
05135,AR,11.2,26.7,15.2,37.3
05137,AR,11,29.7,12.7,32.6
05139,AR,11.1,29.7,13.5,39.4
05141,AR,11.1,29.2,12.9,35.6
05143,AR,7.8,27.4,9.1,30.6
05145,AR,8.8,29,10.1,36.3
05147,AR,12.2,32.3,14.7,35.8
05149,AR,11.7,32.9,12.9,37.1
06001,CA,7.6,19.5,8.5,20
06003,CA,8.4,24.6,10.3,23.4
06005,CA,9.3,24.6,10.2,25.5
06007,CA,8.3,24.4,10.2,25.9
06009,CA,7.3,24.4,10,23.5
06011,CA,7.6,24.6,9.6,25.4
06013,CA,7,24.6,9.4,25
06015,CA,8.1,28.5,8.4,25.5
06017,CA,7.1,20.3,7.5,20.6
06019,CA,8.5,28.4,9.4,26.6
06021,CA,7.7,28.5,8.4,26.7
06023,CA,9.4,25.1,8.8,25.5
06025,CA,6.7,26.7,8.3,26.3
06027,CA,8,22.7,9.4,23.3
06029,CA,7,29,9.3,30.3
06031,CA,5.7,29.4,7.5,26.4
06033,CA,9.2,25.8,10.1,26.2
06035,CA,6.5,28.4,7.6,23.9
06037,CA,7.8,20.9,9.1,21.4
06039,CA,7.8,28.7,7.9,26.5
06041,CA,6.4,16.3,7.9,18.9
06043,CA,8.3,23.8,10.7,24.4
06045,CA,7,21,8.4,22.4
06047,CA,7.5,31.4,9.2,29.5
06049,CA,8.2,22.8,10.4,23.2
06051,CA,7,20.7,7.4,22.8
06053,CA,7.8,22.7,7.6,22.3
06055,CA,7.3,22,8.4,23.7
06057,CA,6.9,21.3,7.7,21.1
06059,CA,7,18.8,8,19.7
06061,CA,7.1,18.9,9,21.7
06063,CA,8,23.1,9.8,23
06065,CA,8.1,26.2,9,26
06067,CA,8.4,26.7,8.4,27.4
06069,CA,7.2,25,7.6,23.3
06071,CA,7.7,28.6,9.2,27.9
06073,CA,7.1,21.7,7.7,19.1
06075,CA,7.9,16.3,7.9,16.1
06077,CA,7.9,30.3,10.3,28.3
06079,CA,6.4,21.6,8.5,24.5
06081,CA,6.8,19.4,8.3,21.1
06083,CA,7.5,19,7.1,18.2
06085,CA,7.4,20.2,8.4,19.5
06087,CA,6.2,17.1,7,20.2
06089,CA,7.1,27.2,9.4,26.5
06091,CA,8.8,24.3,9.6,22.5
06093,CA,8,25.3,8.6,23.2
06095,CA,9.9,28,9.8,30.1
06097,CA,6.6,20,7.9,20.9
06099,CA,8.1,30.2,9.7,32.6
06101,CA,7.9,25.3,8.6,28.7
06103,CA,8.7,23.5,11.2,27.2
06105,CA,9.6,23.3,10.1,25.1
06107,CA,7.6,31.6,8,32.6
06109,CA,6.8,22.2,10.1,20.2
06111,CA,7.1,23.5,7.6,20.3
06113,CA,6.7,27.2,6.9,22.7
06115,CA,6.2,31.7,7.6,24.8
08001,CO,6.5,24.3,7.2,26.3
08003,CO,5.6,21,6.7,23
08005,CO,5.9,18.6,6.3,21.4
08007,CO,5.4,15.7,5.9,16.5
08009,CO,8.2,25.2,7.6,19.4
08011,CO,5.6,21.4,7,26.5
08013,CO,3.5,13.2,4.1,13.4
08014,CO,4.5,20.2,5.5,17.6
08015,CO,5,14.9,6.4,20.5
08017,CO,6.1,18.7,6.5,23.7
08019,CO,5.4,21.6,7.9,18.1
08021,CO,6.2,17.3,6,24.5
08023,CO,7.3,19.1,8.3,21.9
08025,CO,4.7,20,6,21.6
08027,CO,6.4,17.7,6.8,20.5
08029,CO,6.7,18.8,7.6,20.4
08031,CO,5.4,17,6,16.4
08033,CO,5.7,19.7,7.5,19.8
08035,CO,3.4,16,5.3,17
08037,CO,3,12.9,3.3,11.8
08039,CO,4.7,19.4,5.2,19.6
08041,CO,5.5,19.5,7,22.3
08043,CO,7,21.2,8.1,22.8
08045,CO,4.6,14.8,4.7,20
08047,CO,4.9,17.4,6.3,19.7
08049,CO,4.7,17.4,5.6,17.4
08051,CO,3.6,14.9,4.6,14.8
08053,CO,6.4,18,6.6,20.5
08055,CO,6.5,18.8,7.6,20.1
08057,CO,6.7,21.6,6.6,21.4
08059,CO,5.4,17.7,5.4,18.3
08061,CO,7.3,19.5,7.7,19.5
08063,CO,6.3,24.9,7.3,27.6
08065,CO,4.5,18.1,5.4,17.5
08067,CO,4,14.3,4.8,16.3
08069,CO,4.6,17,5.2,18.7
08071,CO,6.3,21.4,7.7,21
08073,CO,6.2,21.6,7.6,23.8
08075,CO,5.9,22.6,7,25.4
08077,CO,5.6,20.4,7.2,23.5
08079,CO,6.2,18.8,6.8,18.1
08081,CO,5.7,20.6,6.3,25.8
08083,CO,6.8,21.2,6.5,21.7
08085,CO,5.4,16.4,8.1,19.7
08087,CO,7.5,23.5,7.4,26.9
08089,CO,7.1,24.6,6.8,26.9
08091,CO,6.4,18.2,6.7,18.6
08093,CO,4.9,16.6,6.7,20.5
08095,CO,7.6,20.9,7.8,22.8
08097,CO,4.3,13.7,5.1,14.9
08099,CO,5.7,20.2,8.4,26.1
08101,CO,6.8,23.3,9.1,25.9
08103,CO,5.2,16.5,6,22.6
08105,CO,6.1,19.5,6.9,23.2
08107,CO,3.4,11.7,4.1,14.3
08109,CO,5.4,20.7,7,19.7
08111,CO,4.9,18.3,6.7,19.3
08113,CO,4.2,15.3,5,16.7
08115,CO,7,21.4,8,22.1
08117,CO,3.5,13,4.1,13.1
08119,CO,5.3,18,6.9,20.3
08121,CO,7.3,21.7,6.5,23.2
08123,CO,5.5,23.9,6.4,26
08125,CO,6.4,22.6,6.1,24.8
09001,CT,6.8,18.4,7.6,21.4
09003,CT,7.9,22.6,9.6,26.8
09005,CT,7.5,20.3,6.7,23.9
09007,CT,7.4,22.8,8.4,24.1
09009,CT,8.5,25.3,9,26.5
09011,CT,7.8,23.5,9.2,27.6
09013,CT,6.4,22.5,7.2,24.8
09015,CT,9.1,28.4,10.1,29.6
10001,DE,11.4,32.4,12.8,32.8
10003,DE,7.9,27.2,9,27.7
10005,DE,11.2,28.9,13.2,31
11001,DC,8.3,21.2,8.1,22.4
12001,FL,8.2,25.9,8.3,25.6
12003,FL,12.2,30.6,13,35.8
12005,FL,10.7,25.5,11.2,29.9
12007,FL,11.3,33.1,14.4,35.9
12009,FL,11.1,25.1,11.7,25.6
12011,FL,9.3,22.2,9.5,24.4
12013,FL,11.6,29.8,15.5,39.4
12015,FL,11.5,25.3,14.1,25.7
12017,FL,12.4,28.6,14.6,26.3
12019,FL,10.6,27.5,12,29.7
12021,FL,8.8,21.2,8.6,19.5
12023,FL,10.1,29.2,12.7,36.3
12027,FL,9.9,29.6,13.7,36
12029,FL,11.4,30.5,14,30.6
12031,FL,10.4,27.3,11.2,30.6
12033,FL,11,28.5,12.4,28.9
12035,FL,10.5,25.5,12.4,24.2
12037,FL,10.2,27.3,11,32.2
12039,FL,11.9,34,17.1,36.5
12041,FL,9.5,30.7,8.4,31.5
12043,FL,11.8,31.7,13.8,33.1
12045,FL,9.7,26,11.1,30.9
12047,FL,11,32,13,33.2
12049,FL,12,35.4,12.6,33.9
12051,FL,8.6,31.9,13.7,35.2
12053,FL,10.8,25.3,13.4,32.1
12055,FL,12.8,25.8,14.2,31
12057,FL,8.3,26.1,10.4,28.3
12059,FL,12.3,29.5,14.2,31.6
12061,FL,10,21.1,11.4,24.5
12063,FL,11.5,31.1,12.4,34.7
12065,FL,11.2,30.1,11.7,32.2
12067,FL,10,31.6,13.2,35.3
12069,FL,11.5,24.4,14.7,29.3
12071,FL,10.8,24.9,9.9,24.6
12073,FL,8.4,27.3,8.3,26.4
12075,FL,11.2,29.1,14.1,32.2
12077,FL,10.3,33.9,13.4,39.6
12079,FL,12,32,15.6,34.1
12081,FL,9,23.8,10.6,25.3
12083,FL,12,26,12.6,29.2
12085,FL,9,20.2,11.3,21.3
12086,FL,9.1,22.4,7.9,21
12087,FL,8.6,20.1,8.6,22
12089,FL,10.3,25.6,10.8,28.6
12091,FL,9.5,24.1,9.7,26.4
12093,FL,10.8,29.5,11.6,31
12095,FL,9.5,23.7,8.8,24.9
12097,FL,9.1,26.3,12,29.1
12099,FL,9.5,20.4,10.5,21.5
12101,FL,10.1,24,12.2,31.1
12103,FL,9.4,25.8,10.8,25.5
12105,FL,10.8,29.9,14.3,32.3
12107,FL,12.8,30.1,12.2,36.1
12109,FL,8.5,21.8,9,21.9
12111,FL,9.4,25.6,11.5,27.9
12113,FL,9.1,23.1,9,26.1
12115,FL,9.9,19.7,11.1,20.6
12117,FL,8.9,24.2,10,24.6
12119,FL,9.2,26.7,14.9,26.9
12121,FL,11,31.5,13.5,33.3
12123,FL,10.2,30.9,15.4,38.9
12125,FL,11.5,34.2,12.5,37.1
12127,FL,9.6,24.1,12.4,26
12129,FL,9.1,29.6,11.7,36.4
12131,FL,10.4,25.3,11.6,27.5
12133,FL,10.7,29.3,12.9,38.5
13001,GA,10.8,30.6,12.9,34.8
13003,GA,10.5,29.4,11.5,35.3
13005,GA,10.5,29,10.4,32.7
13007,GA,13,32.7,14.8,30
13009,GA,11.4,32,14,36.8
13011,GA,10.1,27.9,11.1,27
13013,GA,9.6,28.9,11.3,34.6
13015,GA,9.7,28.7,12.1,35.2
13017,GA,12.4,31.7,12.4,35.3
13019,GA,12.5,30.9,14.2,34.7
13021,GA,13.2,30.6,12.7,31.3
13023,GA,12.3,29.7,13.6,30.4
13025,GA,10.4,28.2,10.9,33.1
13027,GA,13.3,31.5,14.5,33.5
13029,GA,9.6,28.7,12.3,29.3
13031,GA,9.6,30.4,12,33.5
13033,GA,12.7,33.9,14.7,32
13035,GA,11.5,29.9,11.7,28.7
13037,GA,13.2,33.4,14.4,34.4
13039,GA,10.7,27.6,10.9,31.5
13043,GA,11.8,30.1,13.7,30.3
13045,GA,11.9,31.3,11.3,31.7
13047,GA,11.1,29.9,12.2,27.8
13049,GA,11.1,29.6,11.6,32
13051,GA,11.8,28.8,11,31.3
13053,GA,6.8,30.8,6.4,27.3
13055,GA,11.1,27.4,11,34
13057,GA,7.2,24.5,8.7,26.9
13059,GA,8.2,26.9,8.3,25.3
13061,GA,15.9,33.4,17.2,29.8
13063,GA,11.9,33.7,11.6,38
13065,GA,11.6,29.9,12.9,29.6
13067,GA,8.9,24.2,8.5,22.9
13069,GA,11.9,29.8,11.5,34.8
13071,GA,11.2,31.6,12.8,35.2
13073,GA,9.7,27.1,10.4,30.3
13075,GA,12.3,31.4,12.2,31.4
13077,GA,10.3,28.4,10.6,26.8
13079,GA,11.6,30,13.1,27.3
13081,GA,12,31.6,14.2,31.1
13083,GA,11.1,26.4,12.2,32.3
13085,GA,9.9,26.8,10.5,27.7
13087,GA,12.2,31.6,12.1,30
13089,GA,10.1,26.7,10,27.3
13091,GA,12.9,32,13.5,28.5
13093,GA,13.4,33.3,14.8,34.7
13095,GA,14.2,32.6,12.4,34.4
13097,GA,10.3,29.4,12,32.3
13099,GA,13.9,30.6,15.6,31.5
13101,GA,9,28.7,10.9,28.3
13103,GA,9.7,31.4,13.5,35.2
13105,GA,12.7,31.7,13,31.1
13107,GA,12.5,31.8,11.6,36.3
13109,GA,12,30.2,13.4,33.5
13111,GA,10.8,26.3,12.2,25.9
13113,GA,12.6,25.4,12.9,31.1
13115,GA,10.5,30.6,13.6,31
13117,GA,8.2,24.4,10.8,29.4
13119,GA,10.6,27.1,12.4,29.5
13121,GA,8.7,23.5,8.7,23.9
13123,GA,10.2,26.9,12.4,29.7
13125,GA,11.5,27.1,11.8,28.6
13127,GA,11.1,28.4,11.5,26.2
13129,GA,9,28.8,10.2,29.3
13131,GA,12.3,31.4,12.1,33
13133,GA,13.9,30.9,15.4,29.7
13135,GA,8.6,26.3,8.3,29.5
13137,GA,10,27.5,11.4,31.7
13139,GA,9.9,27.2,10.9,25.7
13141,GA,14.2,35.2,15.8,31.2
13143,GA,10.8,27.8,11.2,27.3
13145,GA,11.4,29.7,13.2,28.4
13147,GA,11.5,28.3,13.5,29.9
13149,GA,10.7,28,12,30.2
13151,GA,9.7,28.7,13.5,33.1
13153,GA,11.9,29.6,13.2,31
13155,GA,11.6,31.5,12.4,29.2
13157,GA,10.6,26.9,11.2,27.4
13159,GA,11.5,29.7,12.6,29.3
13161,GA,12,29.2,12.8,30
13163,GA,14.4,35.1,16.7,35.3
13165,GA,13.6,32.3,12.1,29.9
13167,GA,12.2,32.6,12.7,34
13169,GA,11.8,29.1,12.4,33.5
13171,GA,12.1,29.8,11.7,30.6
13173,GA,10.6,29.9,11.4,33.2
13175,GA,12.3,32.7,14.4,36.2
13177,GA,9.7,28.2,10.7,31.2
13179,GA,10.8,31,10.4,34.9
13181,GA,13.1,30.5,14.1,29
13183,GA,10,30.1,9.8,31.4
13185,GA,11.1,32.1,11.6,31.3
13187,GA,8.8,26.8,10.8,30.7
13189,GA,12.3,29.7,17.4,33.4
13191,GA,13.5,29.1,15.2,30.9
13193,GA,14.2,32.6,13.5,36.4
13195,GA,11.4,29.1,13.3,31.9
13197,GA,12,30.2,14,32.9
13199,GA,13.4,30.3,14.8,34.6
13201,GA,13.1,30.2,13.3,30.3
13205,GA,11.9,31.9,14.4,33.6
13207,GA,11.3,29.5,14.5,31.9
13209,GA,10.5,30.3,13.4,36.2
13211,GA,12.2,28.3,11.6,26.5
13213,GA,10.6,28.8,12.7,32.5
13215,GA,12.8,31.4,13.4,28.8
13217,GA,10.6,32.2,10.4,32.9
13219,GA,9.7,28.2,9.3,28.8
13221,GA,10.6,29,13,30.1
13223,GA,10.2,27.3,11,28.6
13225,GA,11.9,30.2,13.6,34.4
13227,GA,9.4,25.1,14.2,26.7
13229,GA,12,29,11.3,28.5
13231,GA,10.2,28.4,11.7,26.2
13233,GA,11.5,28,10.4,34.5
13235,GA,12.7,30.6,13.6,31.7
13237,GA,13.2,29.2,12.8,30
13239,GA,13.7,32,16.9,34
13241,GA,11.9,25.8,13,29.4
13243,GA,14.8,33.7,16.7,33.7
13245,GA,12.3,33.3,13.5,34.1
13247,GA,11.2,30.3,13.1,36
13249,GA,11.3,30,12.6,30.4
13251,GA,13.6,31.1,13.6,33
13253,GA,13.5,30.4,14.2,30.7
13255,GA,11.8,31.7,12.9,32.4
13257,GA,12.9,32.6,12.6,30.1
13259,GA,16.8,33.3,13.7,34.2
13261,GA,13.2,30.3,13.8,32.7
13263,GA,14.9,33.3,16.3,33.3
13265,GA,16.2,32.2,16.2,31.4
13267,GA,11.6,30.7,10.2,33.1
13269,GA,14,31.7,14.5,28.8
13271,GA,11.6,30,12.3,30.9
13273,GA,13.9,34.5,14.9,31.6
13275,GA,13.2,31.4,14,34
13277,GA,12,34.1,13.2,34
13279,GA,12.7,29.7,13.6,31.5
13281,GA,12.3,26.1,12.9,27.4
13283,GA,11.9,31.2,12.3,32.9
13285,GA,12.5,31.4,12.6,30
13287,GA,13.4,31.8,14.3,34.6
13289,GA,13.3,31.2,14.5,32.8
13291,GA,13.5,27.2,15.9,27.2
13293,GA,12.5,29.9,11.9,32
13295,GA,12.2,29.6,12.4,32.1
13297,GA,10.4,27.5,11.6,34.4
13299,GA,12.4,29.2,12.3,35.5
13301,GA,14.7,31.8,15.8,32
13303,GA,13.3,32.1,13,32.2
13305,GA,10.5,30.2,13.1,31.8
13307,GA,13.4,31.6,14.6,32.1
13309,GA,11.2,31.4,12.1,31.9
13311,GA,10.3,27,12.6,28.6
13313,GA,10.5,29,13.2,33.5
13315,GA,12,32.2,11.4,31.5
13317,GA,14.8,30.3,15.5,32.9
13319,GA,13.1,31.4,14.8,34.5
13321,GA,11.8,30.3,13.9,36.7
15001,HI,7.2,22.2,8.1,22.7
15003,HI,8.4,20.8,8.4,22.3
15005,HI,11.5,23.6,11.3,21.5
15007,HI,8.3,20.5,8.3,20.6
15009,HI,7.6,22.9,7.7,22.4
16001,ID,7.1,22,7.5,25.4
16003,ID,8.8,29.4,11.6,27.6
16005,ID,8.6,29.2,10,28.1
16007,ID,8.3,23.2,8.9,28.7
16009,ID,8.5,27.2,9.4,30.1
16011,ID,10.8,29.6,9.9,33.3
16013,ID,5.3,15.4,6.6,19.2
16015,ID,8.8,28.9,9.6,22.4
16017,ID,7.8,21.7,7.6,24.7
16019,ID,8.5,25.9,8.5,29.4
16021,ID,8.1,25.2,11,27.3
16023,ID,9.9,27.2,9.5,28.5
16025,ID,8.1,25.2,9.4,25.7
16027,ID,8.3,29.5,9.5,33.4
16029,ID,8.4,24.3,10.5,27.5
16031,ID,9.9,29.9,9,30.5
16033,ID,8.6,26.9,8.5,31.4
16035,ID,10.1,27,11.1,30.6
16037,ID,8.6,25.8,9.4,26.3
16039,ID,8.3,29.5,8.6,29.8
16041,ID,7.8,29,7.9,30.7
16043,ID,7.8,21.5,9,28.9
16045,ID,8.5,29.5,9.9,28.5
16047,ID,8.6,27.5,9.8,30
16049,ID,10.1,29.3,9.5,25.7
16051,ID,7.9,27.8,8.8,32.7
16053,ID,8.9,27.7,7.7,33.3
16055,ID,8,24.5,9.6,25
16057,ID,6.7,24,6.4,24.3
16059,ID,8.2,25.7,12.1,26.8
16061,ID,9.8,27.4,10.5,29.7
16063,ID,8.1,29.6,8.3,32.3
16065,ID,6,24.3,5.5,24.5
16067,ID,11.3,30,10.8,34.2
16069,ID,11.2,29.7,11,30.9
16071,ID,9.2,26.7,12.2,31.3
16073,ID,7.7,26.5,9.5,30.4
16075,ID,8.5,27.4,9.2,33.3
16077,ID,8.2,26.8,8.2,32.1
16079,ID,8.8,29.8,10.2,31.1
16081,ID,6.6,20.5,6,24.1
16083,ID,9.5,25.7,8.7,27.6
16085,ID,8.6,27.4,8.4,24.1
16087,ID,10.1,25.2,11.2,30.3
17001,IL,9,26.5,10.1,37
17003,IL,11,28.2,11.4,28.4
17005,IL,8.8,27.9,10,29.6
17007,IL,7.2,27,9.4,33.7
17009,IL,7.9,28.1,8.2,27.6
17011,IL,9,26.7,11.3,29.1
17013,IL,9.6,26.7,11.4,29.1
17015,IL,9.6,26.7,12.2,28.6
17017,IL,8.6,27.6,10.6,28
17019,IL,7.4,26.8,7.4,25.1
17021,IL,8.9,27.1,10.5,31.7
17023,IL,9,27.4,11.5,32.7
17025,IL,8.9,27.4,10.8,31
17027,IL,8.5,27.6,8.7,29.5
17029,IL,7.4,26.6,8.9,26.3
17031,IL,8.7,25.2,8.5,25.3
17033,IL,8.7,27.2,10.6,31.3
17035,IL,9,27.4,11.1,27.8
17037,IL,6.9,26.6,8.3,28.3
17039,IL,8.6,26.8,10.8,30.5
17041,IL,8.7,28.3,10.8,30.5
17043,IL,7.5,24.6,8.1,23
17045,IL,9.5,27.5,10.1,30.3
17047,IL,9.1,27.2,10.5,31.3
17049,IL,8.6,27.1,10.7,31.8
17051,IL,8.3,26.9,10.3,33
17053,IL,9.3,27.5,10.6,28.2
17055,IL,9.5,27,11.6,30.2
17057,IL,8.9,27.4,11.6,30.7
17059,IL,9.5,26.7,10.8,28.4
17061,IL,9.2,28.2,11.5,28.7
17063,IL,7.5,28.4,8.6,30.4
17065,IL,9.5,27,11.1,28.2
17067,IL,9.2,26.6,11.2,28.6
17069,IL,9.1,27.2,13,30.6
17071,IL,9.5,27.7,11.8,30.4
17073,IL,8.8,27,11.1,30.5
17075,IL,9.3,27.7,12.4,33.9
17077,IL,7.3,26.9,9,31.5
17079,IL,9,27.1,10.2,30.2
17081,IL,9,27.9,11.1,30.2
17083,IL,8.3,26.6,10.4,33
17085,IL,9.2,26.3,13,29.5
17087,IL,8.2,27.4,10.5,29.4
17089,IL,7.1,27.9,7.7,25.3
17091,IL,9,28.2,9.1,30.1
17093,IL,6,24.9,8.3,33.7
17095,IL,9.2,28.1,9.8,26.2
17097,IL,7.6,24.8,8.4,28.4
17099,IL,9.1,27.1,10.4,27.1
17101,IL,8.7,27.1,11.7,28.9
17103,IL,8.7,27,10.1,32.6
17105,IL,9.1,27.4,9.5,29.2
17107,IL,8.3,28.8,9.8,29.2
17109,IL,7.5,27.9,9.3,26.8
17111,IL,6.9,26.5,10.1,27.7
17113,IL,7.3,27.8,7,29.3
17115,IL,9.4,29.7,10,29.7
17117,IL,9,28.6,10.5,31
17119,IL,9.4,28.3,10,32.3
17121,IL,9,27.2,10.5,33.5
17123,IL,9,27.1,11.2,29.1
17125,IL,9.2,28.5,11.1,31.7
17127,IL,9.5,27.8,11.2,30.7
17129,IL,8.3,27.3,10.2,28.3
17131,IL,8.9,27.4,11.4,31.2
17133,IL,7.9,26.8,11.4,33.2
17135,IL,9.1,26.3,10.8,31.3
17137,IL,8.8,27.3,11.3,28.8
17139,IL,9.1,26.8,10.2,28.6
17141,IL,8.3,27,10.4,31.2
17143,IL,9.7,27.2,9.6,28.8
17145,IL,8.7,27.8,10.6,29.1
17147,IL,8.9,27.4,10.7,29
17149,IL,9.1,26.2,12,32.6
17151,IL,9.6,27.3,10.9,29.5
17153,IL,11,28.2,12.1,27.3
17155,IL,9.2,27.2,10.5,29.9
17157,IL,8.2,27.3,10.1,27.7
17159,IL,9.9,28.4,11,28.8
17161,IL,9,27,10.8,31.7
17163,IL,9.4,28.4,12.7,33.2
17165,IL,9.8,26.7,12,30.1
17167,IL,9.6,28.8,10.7,28.5
17169,IL,9.1,26.4,10.6,31.7
17171,IL,9.4,27.2,9.9,30.4
17173,IL,9.1,26.9,10.1,30.6
17175,IL,9.5,26.8,12.2,30.2
17177,IL,9.2,28.6,12.5,32.9
17179,IL,8.6,26.4,9.6,30.6
17181,IL,8.9,27.7,11.9,28.2
17183,IL,9.7,27.1,12.7,35.4
17185,IL,8.9,27.1,12.6,32.2
17187,IL,9.2,27,10.5,30.5
17189,IL,8.9,27.9,10.5,28.6
17191,IL,8.8,27.7,10.3,29.2
17193,IL,9.5,27.5,10.6,28.7
17195,IL,8.9,26.3,10.5,28.7
17197,IL,7.9,28.8,8.5,28
17199,IL,8.7,28.1,10.5,31.6
17201,IL,9.2,27.9,11.7,33.9
17203,IL,8.4,27.5,9.6,30.8
18001,IN,9.7,29.5,13.9,32.8
18003,IN,10,30.2,10.3,30.1
18005,IN,10.2,29.5,10.5,29.5
18007,IN,10.8,29.2,12.1,32.6
18009,IN,11.3,29,13.7,36
18011,IN,10,30.5,10.4,27.8
18013,IN,10.6,28.6,12.6,30.6
18015,IN,10.9,30,13.4,26.9
18017,IN,10.2,29.9,9.8,33.7
18019,IN,9.8,30.5,12.4,33.3
18021,IN,9.4,30.7,11.9,33.1
18023,IN,11.8,28.7,12.5,30.9
18025,IN,10.3,30.2,13,33
18027,IN,10.1,29.7,12.9,37.6
18029,IN,9.5,29.4,13.1,32.5
18031,IN,9.6,29.9,14.7,32.7
18033,IN,9.5,30.7,10,32.8
18035,IN,10.4,31,12.5,31.5
18037,IN,9.5,29.2,10.3,29.5
18039,IN,9.7,29.2,10.2,32.8
18041,IN,10.4,30.2,12.2,33
18043,IN,10.1,29.5,10.2,30.1
18045,IN,10.3,28.7,13.9,29.8
18047,IN,10.4,28.6,11,26.2
18049,IN,10.7,29.5,11.4,37.8
18051,IN,9.9,28,13.4,32.1
18053,IN,10.8,29.1,14.8,37.3
18055,IN,10.6,29.5,13.3,33.1
18057,IN,7.9,24.4,8.6,25.9
18059,IN,9.6,28.2,12.4,34.8
18061,IN,10.3,29.8,12.8,36
18063,IN,8.7,28.9,10,31.8
18065,IN,10.5,30,13.4,36.7
18067,IN,11.3,30.4,13.1,31.4
18069,IN,10.9,32,12.7,32.6
18071,IN,9.9,29.6,12.4,36.9
18073,IN,9.5,29.1,11.3,29.6
18075,IN,10.4,31.5,15,34
18077,IN,9.8,31.5,12.5,35
18079,IN,9.3,29.9,12.3,33
18081,IN,8.9,28.6,10.7,30.2
18083,IN,9.9,29.4,11,32.3
18085,IN,10,29.5,10.4,33.2
18087,IN,9.5,28,11.2,34.2
18089,IN,11.3,33.1,12.2,33.9
18091,IN,10.9,29.1,10.8,35
18093,IN,11.1,28.5,15.1,38.2
18095,IN,11.2,32.3,12.2,33.4
18097,IN,10,30.2,10.5,32.4
18099,IN,9.5,28,11.1,30.8
18101,IN,10.6,30.2,15.6,35.8
18103,IN,10,29.8,11.6,35.7
18105,IN,7.8,26.1,7.7,22.1
18107,IN,10.2,29.8,11.8,32.7
18109,IN,9.7,29.1,14,33.2
18111,IN,10.2,29.3,11.6,35.3
18113,IN,9.1,29.3,11.8,31.8
18115,IN,10,29.3,12.4,30.4
18117,IN,11,30,11.6,35.4
18119,IN,10.2,29.9,14.1,34
18121,IN,10.2,29.8,12.5,33.6
18123,IN,9.5,30.5,12.6,32.8
18125,IN,10.7,29.8,12.6,36.4
18127,IN,9.8,30.6,9.4,31.9
18129,IN,10.4,29.4,12.7,29.1
18131,IN,10.3,30,12.2,31.5
18133,IN,9.3,29.4,10,31.5
18135,IN,11.1,30.9,14.2,35.6
18137,IN,10,28.9,13.7,32.7
18139,IN,10.3,29.9,14,32.6
18141,IN,9.6,29.6,9.9,30
18143,IN,10,28.6,12.7,29.5
18145,IN,10.2,31.2,11.4,33.1
18147,IN,10.4,29,10.8,30.5
18149,IN,11.1,30.3,13.6,36.1
18151,IN,10.5,30.9,10.4,33.7
18153,IN,9.5,29.4,13,32.9
18155,IN,10.2,28.9,13.4,32
18157,IN,7.9,28.5,6.9,26.4
18159,IN,10.6,29.2,10.8,31.1
18161,IN,10.4,29.4,12.8,30
18163,IN,9.7,28.1,11.9,33.3
18165,IN,10.9,30.6,14.3,33.1
18167,IN,9.7,31.8,11.5,32.8
18169,IN,10.8,31.3,13.9,31.6
18171,IN,10.7,30.5,12.2,32.1
18173,IN,9.6,30,10.9,29.4
18175,IN,9.9,29.4,10.9,30.6
18177,IN,9.9,27.9,11.5,29.6
18179,IN,10.2,29.6,11.8,28.4
18181,IN,10.8,31.4,14.5,34.7
18183,IN,9.3,29.7,10.6,32
19001,IA,9.3,27.7,11.6,32.4
19003,IA,9,28.9,10.1,30.8
19005,IA,8.8,27.6,9.1,33.6
19007,IA,8.7,28.7,11.6,35.4
19009,IA,9.1,29.1,11.7,31.2
19011,IA,7.4,28.8,10,34.4
19013,IA,7.9,27.5,9.5,29.9
19015,IA,8,31.4,9.1,32.4
19017,IA,7.9,27.3,9.4,32.4
19019,IA,8,28.7,9.5,35.2
19021,IA,8.4,28.8,10.1,33
19023,IA,8.5,27.7,10,33.8
19025,IA,9.4,29.2,10.7,32.4
19027,IA,8.5,27.8,8.9,30.7
19029,IA,9,30.9,10.7,35.2
19031,IA,7.8,29.7,10.6,32.4
19033,IA,9,27.1,10.4,33.2
19035,IA,9.3,28.3,11.3,37.5
19037,IA,8.4,28.1,10.4,32.7
19039,IA,8.2,27.7,10.2,30.5
19041,IA,8.3,28.6,9.3,33.8
19043,IA,8.5,29.1,9.2,32.1
19045,IA,8.6,29.5,12.1,33.4
19047,IA,8.3,29.8,11.7,34.2
19049,IA,6.5,29.4,8.4,29.8
19051,IA,7.9,27.5,10.6,32.7
19053,IA,8.1,27.2,9.7,33.1
19055,IA,7.9,28.7,10.6,33.9
19057,IA,8.4,30.9,11.1,31.3
19059,IA,8.9,27.9,9.6,33.4
19061,IA,7.5,26.3,9.6,28.5
19063,IA,8.6,28.8,10.7,33.2
19065,IA,8.4,29,10.4,37.7
19067,IA,9,28.6,12.1,31
19069,IA,9,29.1,10.2,32.6
19071,IA,8.7,29.3,9.5,32.9
19073,IA,8.9,28.4,10.4,29.6
19075,IA,8.6,28,11,31.7
19077,IA,8.2,28.1,9.4,35.9
19079,IA,8.2,28.7,10.3,30.6
19081,IA,8.9,29.8,9.9,35.4
19083,IA,8.8,28.3,10.5,34.8
19085,IA,8.4,29.2,11.7,32.3
19087,IA,8,28.4,11.5,34.6
19089,IA,8.6,27.6,10.3,31.1
19091,IA,8.7,28.3,9.7,31.8
19093,IA,8.8,28.4,10.1,28.2
19095,IA,8.7,29.7,8.7,30.7
19097,IA,8.2,29,11.7,33.1
19099,IA,8.6,31.6,9.7,32.2
19101,IA,8.3,29,10.6,27.5
19103,IA,5.6,23.4,5.4,23
19105,IA,7.9,28.3,10.2,37.6
19107,IA,8.6,28.3,11,29.9
19109,IA,8.8,27.4,11,32.7
19111,IA,8.3,28.5,11.1,31.9
19113,IA,8,29.2,10.3,31
19115,IA,8.2,29.2,9.8,37.4
19117,IA,8.1,28.8,11.6,33.8
19119,IA,8,27.1,9.3,31.9
19121,IA,8,28.5,10,34.2
19123,IA,8.1,28.2,10.1,31.9
19125,IA,8.2,29.8,9.8,33.1
19127,IA,8.6,29.9,10.7,34.7
19129,IA,7.6,28.7,10.9,34.7
19131,IA,8.7,28.5,9.7,30.3
19133,IA,9.1,27.5,11.8,32.8
19135,IA,8.4,28,10.7,32.4
19137,IA,9.3,28.4,10.5,37.6
19139,IA,7.3,30.2,9.2,34.2
19141,IA,9.1,28.5,9.6,31.6
19143,IA,8.4,28.1,11.5,34.4
19145,IA,9,29.2,12,35.3
19147,IA,9,28.1,10.6,35.7
19149,IA,8.1,29.4,9.8,32.2
19151,IA,9.8,28.8,11.9,31.9
19153,IA,8.1,27.1,8.6,29.2
19155,IA,7.6,29.5,11.5,36
19157,IA,8.5,28.6,10.5,32.1
19159,IA,9.3,27.9,11.4,34.9
19161,IA,9.5,29,10.4,33
19163,IA,7.7,26.5,8.7,31.8
19165,IA,8.9,27.9,11,29.4
19167,IA,7.2,26.7,8.9,29
19169,IA,5.9,26.2,6.7,27.1
19171,IA,8.8,27.7,9.9,31.3
19173,IA,8.7,28,10.2,30.9
19175,IA,8.5,26.9,11.8,37.8
19177,IA,8.4,28.2,9.9,35.7
19179,IA,9.1,28.7,12.8,35.6
19181,IA,7.3,31.9,10.4,31.1
19183,IA,7.9,28.7,9.4,31.5
19185,IA,9,29.1,11.6,33.3
19187,IA,8.7,29,10,31.1
19189,IA,8.5,28,9.7,28.6
19191,IA,8,26.9,7.9,25.4
19193,IA,9,29.6,10.1,34.3
19195,IA,8.4,29.2,11.9,33.7
19197,IA,9.1,27.9,10.7,34.4
20001,KS,9.9,31.4,10.9,34.2
20003,KS,9.4,29.6,9.8,33.3
20005,KS,8.9,31.6,8.7,33.1
20007,KS,10,30.8,9.1,36.7
20009,KS,10.5,31.3,9.5,35.4
20011,KS,8.7,30.6,13,33.9
20013,KS,10.2,30.6,11.7,29.6
20015,KS,9.3,30.5,9.9,31.9
20017,KS,9.4,30.7,11.9,28.3
20019,KS,10.7,29.9,12.6,34.1
20021,KS,9.9,30.9,12.2,37
20023,KS,10.6,29.2,13.7,33.5
20025,KS,10.7,29.7,11.8,31.2
20027,KS,9.5,30,14.1,36.2
20029,KS,11.1,29.9,12.6,29.9
20031,KS,9.2,30.7,9.9,30.5
20033,KS,10.6,29.9,11.1,33.6
20035,KS,8.9,30.4,11.2,36
20037,KS,9,31,11.5,33
20039,KS,11.2,30.1,12.5,36.1
20041,KS,9.6,30.6,11,31.9
20043,KS,9.9,30,9.7,32.1
20045,KS,6.2,26.6,6.5,24.2
20047,KS,9.7,30,10.6,32.9
20049,KS,10.9,29.9,12.4,32.5
20051,KS,7.7,29.6,8.9,31.6
20053,KS,9.6,29.4,11.7,33.3
20055,KS,7.9,32.1,9.5,35.2
20057,KS,8,31.2,8.7,30.6
20059,KS,8.9,31.4,8.9,33.8
20061,KS,8.7,28.2,7.9,32.7
20063,KS,11.7,29.5,11.9,30.2
20065,KS,11.3,29.3,11.1,28.9
20067,KS,8.7,30.7,7.8,35.6
20069,KS,8.9,30.2,9.3,36
20071,KS,10.2,31.1,10.7,32.6
20073,KS,10,29.8,12.8,32.7
20075,KS,9.2,29.8,8.9,37.1
20077,KS,10.4,29.8,11,34.2
20079,KS,8.8,28.6,10.3,31
20081,KS,8.4,30.3,9.8,33.9
20083,KS,10.1,31.3,13.7,32
20085,KS,9.4,30.4,10.4,33.4
20087,KS,9.8,32.1,10,29.9
20089,KS,11.2,29.6,13,29.6
20091,KS,6.5,23.4,7.5,24.8
20093,KS,9.2,30.1,9.8,28.7
20095,KS,10.5,29.7,13.5,32.2
20097,KS,11.6,29.7,10.3,32.8
20099,KS,9.7,30.9,11.3,34
20101,KS,10.2,29.8,11.8,30.8
20103,KS,9.1,30.8,10.3,32.8
20105,KS,10,29.8,10.4,31.2
20107,KS,9.3,29.7,12,31.6
20109,KS,10.7,30.4,13.5,31.1
20111,KS,8.5,29.7,10.4,34.7
20113,KS,9.5,28.8,9.5,29.2
20115,KS,10.2,30.4,9.4,30.9
20117,KS,9.8,31.2,9.5,32.6
20119,KS,9.4,30.2,9.5,27
20121,KS,8.5,29.2,11,34.1
20123,KS,10.1,29.3,12.4,32.1
20125,KS,10.2,30.4,14.3,35.1
20127,KS,10.8,30.1,12.3,35.1
20129,KS,9.5,29.3,11.1,31.9
20131,KS,10,28.6,8.9,30.4
20133,KS,10,31.5,12.2,33.5
20135,KS,11.1,28.8,10.8,31.1
20137,KS,9,29.6,10.7,32.4
20139,KS,9,32.2,11.5,37.1
20141,KS,11,30.4,12.1,33.2
20143,KS,9.4,29.7,12.1,37.9
20145,KS,9.7,30.2,12.8,30.3
20147,KS,10.8,29.8,11.2,28.8
20149,KS,8.3,29.9,10.5,31.3
20151,KS,9.5,30.9,11.7,33.8
20153,KS,11,29.8,12.3,32.3
20155,KS,10.1,31.4,11.9,35.7
20157,KS,11.1,30.4,10.8,30.9
20159,KS,9.3,30.7,11.3,32.6
20161,KS,6.4,26.3,5.6,23.8
20163,KS,9.9,29.3,10.5,32.8
20165,KS,10.7,29.1,11.2,32.6
20167,KS,10.6,29.2,11.6,30.4
20169,KS,8.7,32.3,11.3,35.1
20171,KS,9.7,30.6,9.7,32.1
20173,KS,9.3,29.1,10.8,31.4
20175,KS,7.5,33.4,8.3,38.6
20177,KS,9.5,30.6,10.7,32.9
20179,KS,10.6,29.2,11.8,31.5
20181,KS,10.2,29.6,9.4,29.9
20183,KS,11.1,29.3,10.6,34.1
20185,KS,10.6,30.6,11.9,32.5
20187,KS,9.7,30.4,11.1,31.3
20189,KS,9.4,29.4,10,34.8
20191,KS,9.6,31.1,11.1,31.1
20193,KS,9.1,30.9,8.7,35
20195,KS,10.4,29.8,11.1,29.7
20197,KS,8.9,29.7,9.7,30.9
20199,KS,10.8,30.3,11.7,33.1
20201,KS,10.5,28.9,12.7,30.7
20203,KS,10,30.2,10.8,29.4
20205,KS,10.2,30.1,13.6,32.9
20207,KS,10.6,29.5,11.7,33.4
20209,KS,10.9,35.8,11.9,36.2
21001,KY,12.9,32.6,15.1,34.3
21003,KY,11.2,32.2,13.7,33.9
21005,KY,10.4,31.8,12.2,34.6
21007,KY,11.9,29.7,13.2,34.2
21009,KY,12.3,28.6,13.4,31
21011,KY,12.5,31,14.1,30.4
21013,KY,13.9,33.1,14.6,37.9
21015,KY,8.6,29.8,11.9,32.5
21017,KY,12.9,34.6,13.8,34.1
21019,KY,14.3,33.6,15.7,38.5
21021,KY,11.6,29.6,11.2,32.2
21023,KY,12,31.7,14.6,32.4
21025,KY,15.7,37.5,15.7,41.6
21027,KY,11.1,29.7,14.8,36.6
21029,KY,10,32.3,13.2,32.8
21031,KY,11.8,33.2,14.1,33.2
21033,KY,12.4,34.5,12.6,35
21035,KY,10.4,28.8,10.3,30.1
21037,KY,9.9,29,10.9,31.6
21039,KY,12.3,32.1,13.1,33.4
21041,KY,11.3,31.1,12.5,35.3
21043,KY,10.4,32.8,14.3,38.9
21045,KY,14.1,34.6,14.4,36.4
21047,KY,11.5,29.4,10.8,36.5
21049,KY,11.1,29,12.4,30.6
21051,KY,11.8,32.1,14.1,38
21053,KY,12.4,31.1,12.7,34.9
21055,KY,10.7,30.6,13.9,33.8
21057,KY,13,32,13.6,31.8
21059,KY,11.8,30.3,11.3,30.4
21061,KY,12.9,32.2,16.1,31.2
21063,KY,12.1,30.8,13.2,33.7
21065,KY,12.4,31.1,14.6,35.1
21067,KY,9.7,29,9,27.3
21069,KY,10.5,31.3,13.5,34.5
21071,KY,13.5,35.8,13.4,37.6
21073,KY,10.9,31.3,13.4,33.2
21075,KY,12.5,31.7,14.6,32
21077,KY,11,31.3,12.6,35.8
21079,KY,12.1,31.2,12.8,30.5
21081,KY,9.5,32.7,12.7,36.3
21083,KY,11.7,32.2,10.7,30.1
21085,KY,12.4,29.8,14.7,36.5
21087,KY,12,29.8,13.3,38.1
21089,KY,13.5,32,14.4,39.8
21091,KY,10.8,30.4,13.9,34.5
21093,KY,12.1,29.4,11.6,32.9
21095,KY,14.5,30.4,16.9,36.5
21097,KY,11.8,31.9,13.1,30.1
21099,KY,10.8,32.7,13.1,37.1
21101,KY,12.4,32.3,14,32.6
21103,KY,12.2,32.5,11.4,31.6
21105,KY,12.9,30.9,14.1,35.2
21107,KY,11,33.1,13.3,35
21109,KY,11.1,33.1,13.7,37.5
21111,KY,11.9,31.8,11.9,31.6
21113,KY,11.8,28.1,9.3,31.5
21115,KY,12.2,34.2,15.3,37.2
21117,KY,9.9,27.7,10.8,28.5
21119,KY,14.3,31.5,16.1,40.2
21121,KY,12.2,33.5,16.2,39.3
21123,KY,12.6,30.3,13.7,33.6
21125,KY,13.9,35,14.2,37.8
21127,KY,11.7,33.6,17.7,42.2
21129,KY,12.4,32.3,16,33.9
21131,KY,14,32.8,16,43.2
21133,KY,15.2,35.7,17.5,38.6
21135,KY,11.7,33.8,14.6,38.3
21137,KY,11.5,36,12.3,30.8
21139,KY,12.1,29.3,12.3,29.7
21141,KY,11.6,31.4,11.8,35.2
21143,KY,11.8,32.8,14.3,33.3
21145,KY,11.6,30.1,11.5,33.7
21147,KY,12.9,31.4,15.6,34.3
21149,KY,13.4,31.3,17.5,36.8
21151,KY,9.4,30.4,10.5,32.2
21153,KY,11.6,30.4,13.4,33.7
21155,KY,11.2,31.1,11.1,30.6
21157,KY,10.5,32.3,11.1,34.1
21159,KY,11.8,36.1,13.9,39.3
21161,KY,12.1,31.2,13,30.1
21163,KY,11.3,33.9,11.6,35.9
21165,KY,13.6,32.2,12.3,33.3
21167,KY,13,31.1,12.2,35.8
21169,KY,11.5,30.5,15.7,33.8
21171,KY,10.8,32,13.3,29.9
21173,KY,12.1,31.9,13.3,32.2
21175,KY,11.6,34.1,14.7,35.5
21177,KY,12.2,31.2,12.4,37.8
21179,KY,10.5,28.2,11.3,32.4
21181,KY,12.2,33.2,12.5,32.5
21183,KY,13,31.1,16,37.2
21185,KY,9.6,29.3,10.3,28
21187,KY,11.2,30.7,11.4,30
21189,KY,12.2,29.7,13.1,33.6
21191,KY,11,32.3,15,32.4
21193,KY,12.9,36,14.5,37
21195,KY,15.7,35.7,16.1,38.9
21197,KY,14.4,34,13.4,36.3
21199,KY,11.2,30,13.4,33.6
21201,KY,11.6,33.1,13.7,34.6
21203,KY,10.3,31.7,13.2,36
21205,KY,10.3,33.9,11.1,34.4
21207,KY,12.3,31.9,12.2,34.6
21209,KY,9.9,32.6,10.6,29.4
21211,KY,10.4,32.6,11.6,33
21213,KY,12.5,31.4,11.6,35.4
21215,KY,10.2,32.1,12.3,30.3
21217,KY,12.2,30.7,14,35.4
21219,KY,11.1,32.3,12.2,33.7
21221,KY,11.5,31.4,13.8,33.4
21223,KY,11.1,32,12.8,34
21225,KY,12.3,33.8,11.6,30.7
21227,KY,9.8,29.3,9.2,31.6
21229,KY,11.7,29.1,13.2,32.9
21231,KY,12.2,31.2,14.2,37.1
21233,KY,12,33.4,13.9,35.6
21235,KY,13.2,31.8,13.5,36.3
21237,KY,12.2,31.5,12.6,32.3
21239,KY,10.6,30.9,12.4,29.5
22001,LA,10.3,31,12.9,33.1
22003,LA,12.5,33.8,11.2,34.4
22005,LA,9,31.1,11,31.3
22007,LA,11.6,32.8,14.4,34.8
22009,LA,11.8,34.3,14.2,37
22011,LA,11.5,30.8,12.6,35.8
22013,LA,13.5,36.4,14,38.2
22015,LA,11.2,29.2,12,34.7
22017,LA,12.7,31.2,12,34.3
22019,LA,12,33.7,11.6,32.3
22021,LA,11.1,31.2,12.1,36.3
22023,LA,10.9,30.4,11.7,31.5
22025,LA,12.9,32.1,11,35.3
22027,LA,12.6,32.7,12,37
22029,LA,12.1,33.1,14.5,38.3
22031,LA,12.9,34.4,14.1,38.9
22033,LA,10.8,29.6,11.6,32.9
22035,LA,13.5,36.1,16.3,42.1
22037,LA,12.5,34.5,17.2,42.1
22039,LA,11.4,31.6,12.3,41.9
22041,LA,12.1,34.6,13.5,38
22043,LA,11.4,32.1,12,33.8
22045,LA,12.6,33.2,12.9,36.1
22047,LA,12.1,33.4,12.7,39.7
22049,LA,10.9,29.8,13.6,34.8
22051,LA,12.2,30.6,11.6,35.4
22053,LA,12.8,34.7,13.2,36.3
22055,LA,8.8,27.8,10.1,31.1
22057,LA,12.3,34.5,10.9,36.9
22059,LA,11.6,31.3,12.6,33.2
22061,LA,10.8,32.4,10.2,37.3
22063,LA,9.6,29.8,12.4,34.4
22065,LA,12.8,34.6,11.1,41.8
22067,LA,12.7,35.1,16,39.4
22069,LA,11.9,33.8,13,34.7
22071,LA,12.1,29.5,11.9,31.9
22073,LA,12.2,32,11.8,35.7
22075,LA,12.5,33.1,10.6,33.5
22077,LA,13.2,32.7,11.5,35.3
22079,LA,12.7,31.2,13.2,35.7
22081,LA,12.7,34.2,13,40.3
22083,LA,11.8,36,13.8,37.1
22085,LA,12.9,34.6,14.8,39.1
22087,LA,11.3,31.1,13.8,35.5
22089,LA,10.3,32.2,11.3,35.9
22091,LA,13.7,35.3,15.8,40.6
22093,LA,12.4,33.9,14.6,37
22095,LA,12.4,39.3,14.4,35.8
22097,LA,14,33.9,13.9,39.6
22099,LA,11.9,33.2,10.7,34.2
22101,LA,12.6,35.2,15,38
22103,LA,9.1,27.1,9.6,27.8
22105,LA,11.2,34.6,11.9,39.1
22107,LA,14.5,35.2,16.3,34.8
22109,LA,12.4,36.7,11.7,39.5
22111,LA,13.2,33.9,15.6,34.4
22113,LA,11.7,31.7,10.9,31.2
22115,LA,10.2,33.8,12.3,36.6
22117,LA,13.8,34.5,15,37.4
22119,LA,14,33.9,12.9,35.8
22121,LA,11.5,31.9,14.2,40.2
22123,LA,13,31,15.5,36
22125,LA,11.5,34.6,12.2,34.5
22127,LA,11.2,32.1,12.5,37.7
23001,ME,9.1,30.5,11.2,33.2
23003,ME,12.1,28.9,13.3,34.1
23005,ME,7.4,20.9,7.9,22.7
23007,ME,7.9,26,9.4,30.2
23009,ME,8,24.8,8.5,24.3
23011,ME,9.2,28.8,10.8,30.9
23013,ME,8.7,23.9,7.5,23.1
23015,ME,7.7,22.6,9,24.6
23017,ME,8.7,26.7,10.9,31.4
23019,ME,9.4,28.6,10.5,30.3
23021,ME,9.5,31.2,12.3,33.3
23023,ME,8.4,26.5,9.4,25.1
23025,ME,11,34.5,11.5,35
23027,ME,9.5,26,9.8,28.3
23029,ME,10.7,28.5,11.4,28.5
23031,ME,8,23.9,9.7,27.6
24001,MD,13.6,29,12.8,32.3
24003,MD,8.5,26.3,9.3,29.1
24005,MD,9.1,27.1,10.4,28.8
24009,MD,8.9,27.3,9.1,29.7
24011,MD,12,31.6,11.9,35
24013,MD,8.6,27.2,9.5,27.9
24015,MD,9.2,29.4,11.2,33.7
24017,MD,9.9,31.4,11.4,36
24019,MD,12.1,33.6,15.5,35.7
24021,MD,8.5,26.3,9,29.1
24023,MD,11.7,28.5,12.2,30.6
24025,MD,8.7,26.4,9.4,27.9
24027,MD,7.5,24.9,7.5,21.7
24029,MD,10.7,26.8,9.9,28.1
24031,MD,7.3,19.3,7.6,20.1
24033,MD,10.9,32.4,11.8,33.4
24035,MD,8.4,25.9,9.9,28.9
24037,MD,9.7,29.7,11,32
24039,MD,11.9,36.2,13.7,42.2
24041,MD,9.6,24.7,11.4,29.3
24043,MD,10.4,29.6,12.8,33.8
24045,MD,10.2,31.7,12.3,35.9
24047,MD,9.7,27.5,13.6,29.4
24510,MD,12.2,31.7,12.3,33.7
25001,MA,8.1,19.3,8.6,19.9
25003,MA,8.9,23.2,9.7,23.7
25005,MA,10.4,27.5,11.1,28.3
25007,MA,8.9,18.4,8,22
25009,MA,8.7,23.4,10.3,25.5
25011,MA,7.5,23.5,8.3,21
25013,MA,9.8,27.4,11.1,27.5
25015,MA,7.2,21.3,6.8,18.9
25017,MA,8,22.1,8.3,22.6
25019,MA,7.4,20.7,8.1,20
25021,MA,7.4,19.4,8.6,20.5
25023,MA,7.9,22.1,10.7,27.8
25025,MA,7.9,21.3,7.5,21.3
25027,MA,8.2,24.3,9.7,27
26001,MI,11.6,29.3,14,31.1
26003,MI,10,30.1,11,29.8
26005,MI,8.7,28.8,10.3,30.2
26007,MI,10.2,29.6,11.4,32.1
26009,MI,10.3,30.3,12.9,32.2
26011,MI,10.3,31,14.6,34
26013,MI,10.9,31.6,11,32.5
26015,MI,9,32,9.6,31.2
26017,MI,10.1,32.3,11.3,35.4
26019,MI,10.4,30,12.6,28.7
26021,MI,10.4,30.3,12.5,34.8
26023,MI,9.3,31.5,10,31.8
26025,MI,10.2,32,12.5,33.9
26027,MI,9.7,30.7,12.2,35.3
26029,MI,10.1,29.6,10,28.6
26031,MI,10.7,32.1,12.1,33.2
26033,MI,10,32.2,12.1,34.6
26035,MI,9.9,30,11.9,33.8
26037,MI,9.2,29.9,10.6,31.6
26039,MI,9.9,30.3,11.1,30.4
26041,MI,10.7,30.1,12.3,32.1
26043,MI,10.1,29,12.7,30.1
26045,MI,9,30.5,11.4,35.7
26047,MI,9.3,30.8,9.2,29.8
26049,MI,11.3,35.1,12.2,33
26051,MI,10.9,30.3,13.8,34.7
26053,MI,10.3,30.2,11.4,31.3
26055,MI,8.5,28.6,9,26.8
26057,MI,9.5,32.8,9.9,33.6
26059,MI,9.4,29.5,11,32
26061,MI,9.3,28.4,9.7,30.7
26063,MI,10.1,30,10.8,31.5
26065,MI,8.4,29.5,9.2,30.4
26067,MI,8.6,31.1,10.3,38
26069,MI,10.7,31.9,12.9,33.2
26071,MI,10.9,29.3,13,29.1
26073,MI,7.6,29.8,8.5,30.9
26075,MI,9.7,32.8,11.3,33.7
26077,MI,9.6,29.5,7.8,30.6
26079,MI,9.9,29.8,13,31.6
26081,MI,8.6,29.1,9.2,28.7
26083,MI,11.1,29.9,12.6,30.9
26085,MI,11.7,31.9,13,32
26087,MI,9.1,32,10.7,30.3
26089,MI,10.7,30.8,12.7,26.6
26091,MI,9.4,31.4,11.2,30.8
26093,MI,8.1,26.9,9,29.6
26095,MI,10.2,31.1,12,32.6
26097,MI,12.2,30.9,13.1,31.1
26099,MI,9.4,30.1,9.9,33.3
26101,MI,10.1,28.8,11.1,34.6
26103,MI,9,30.6,10.1,29.2
26105,MI,10,30.4,11.3,29.9
26107,MI,8.9,29.8,10.2,35
26109,MI,10.2,30,10.7,34.4
26111,MI,9.5,30.7,9.5,30.5
26113,MI,10.1,31.6,11.7,32.2
26115,MI,10.1,32,11.1,33.8
26117,MI,9.5,31.7,11.2,34
26119,MI,11.6,29.7,12.5,28.9
26121,MI,10.5,31.8,12.4,35.8
26123,MI,10.4,30.7,10.6,34
26125,MI,9.5,26.4,9.3,26.3
26127,MI,9.6,31.1,13,34.8
26129,MI,10.4,30.3,13.6,35.6
26131,MI,11.7,30.4,13.3,33
26133,MI,9.6,30.5,11.4,34.2
26135,MI,10.9,30.6,13,33.5
26137,MI,9.1,29.6,11,33.3
26139,MI,8.3,26.6,7.8,27.6
26141,MI,11.6,29.7,14,32.3
26143,MI,11.2,31.5,14.4,34.2
26145,MI,11.1,35.7,12.8,38.9
26147,MI,8.7,30,11.2,33
26149,MI,9.8,30.4,10.8,34.7
26151,MI,10,32.1,10.2,31.3
26153,MI,11.2,31.3,12.6,31.3
26155,MI,9.4,30.1,11.3,32.4
26157,MI,9.2,29.3,12.6,32.6
26159,MI,9.7,29.6,11.8,33.5
26161,MI,8.2,26.5,7.6,24.4
26163,MI,11.7,33.7,12,33.5
26165,MI,9.3,31.1,11.2,30.2
27001,MN,9.1,27.2,11.5,29.9
27003,MN,7.3,28.6,8,30
27005,MN,8,28.2,8.9,32.6
27007,MN,7.3,28.9,9.3,30.9
27009,MN,6.2,27,7.9,29.3
27011,MN,8.9,27.5,9.4,28.7
27013,MN,6.4,27,6.8,33.7
27015,MN,8,28,8.9,30.1
27017,MN,7.5,28.2,9.5,30.1
27019,MN,6,26.8,6.8,23
27021,MN,7.9,27.7,10.2,26.5
27023,MN,7.9,28.5,9.3,29.9
27025,MN,6.4,27.9,8.4,29.8
27027,MN,6.8,27.9,6.4,28.4
27029,MN,8.1,27.5,10,31
27031,MN,8.1,28,9.2,28.9
27033,MN,8.2,27.9,10.2,31.7
27035,MN,7.2,27.5,10.4,29
27037,MN,6.5,26.9,6.9,26.6
27039,MN,6.8,27.8,8.3,24.9
27041,MN,7.7,26.6,7.6,30
27043,MN,8.5,27.8,8.8,27
27045,MN,7.8,28.4,8.5,25.1
27047,MN,7.9,28.4,8,29.9
27049,MN,7.7,28.7,9.8,32.2
27051,MN,8.3,27.6,9.2,32
27053,MN,6.1,22.5,6.8,22.8
27055,MN,7.6,26.9,9.3,25.7
27057,MN,8.3,27.3,8.2,24.9
27059,MN,6.2,27.3,7.8,28
27061,MN,7.9,27.8,8.9,32.2
27063,MN,8.1,28.2,9.5,31.5
27065,MN,7.4,28,10.2,29.9
27067,MN,7,26.3,8.1,29.1
27069,MN,8.7,28,9.7,27.8
27071,MN,8.7,27.1,11.1,28
27073,MN,8.5,27.2,10.1,28.8
27075,MN,8.2,27.3,9.5,30.3
27077,MN,8.5,27.9,9.4,30.4
27079,MN,7.1,27.9,8.4,32.4
27081,MN,8.7,27.2,9.3,28.3
27083,MN,7,28.6,8.3,28.7
27085,MN,7,27.7,9.2,31.1
27087,MN,9.5,28.2,11.2,32.6
27089,MN,8,28,9.7,29.7
27091,MN,8.3,28.3,9.7,32.2
27093,MN,7.9,28.7,10.6,30.4
27095,MN,7.6,26.1,11.6,35.9
27097,MN,7.2,28.9,8.2,34.3
27099,MN,7.7,27.9,8.4,30.8
27101,MN,8.3,27.8,11.3,29.8
27103,MN,6.7,27.7,7.7,29.9
27105,MN,7.9,27.6,7.8,28.8
27107,MN,8.5,27.6,9.1,28.2
27109,MN,6.4,27.3,7,25.6
27111,MN,8,28,10.3,29.4
27113,MN,7.5,27.8,8.3,27.5
27115,MN,7.6,28.9,10.6,36.2
27117,MN,8.3,27.4,9.3,28.4
27119,MN,8,27.7,9.6,33.5
27121,MN,8,27.3,9.5,32.1
27123,MN,7.7,25.6,8.2,25.8
27125,MN,7.7,27.8,8.7,32.8
27127,MN,8.2,27.7,9.1,32.6
27129,MN,7.8,28.9,8.2,29.5
27131,MN,6.5,26.3,7.3,31.5
27133,MN,7.9,28.1,9.5,28.4
27135,MN,6.9,29.2,9.3,29.3
27137,MN,7.3,27.7,9.8,27.1
27139,MN,5.5,28.2,5.7,24.6
27141,MN,6.1,27.4,7.1,28.8
27143,MN,7.3,28.1,8.9,33.3
27145,MN,6.4,27.2,7.6,27.6
27147,MN,6.7,29.1,8,30.5
27149,MN,7.4,27.3,7.9,33.5
27151,MN,7.8,28,8.6,28.6
27153,MN,7.6,28.9,8.1,30.4
27155,MN,9.4,27.1,11.3,32.1
27157,MN,7.2,25.9,7.7,32.2
27159,MN,8.1,27.7,10,29.2
27161,MN,6.9,28.5,6.8,33.7
27163,MN,6.2,25.8,8.2,26.1
27165,MN,8.2,27.5,7.9,26.9
27167,MN,7.6,27.8,9.3,28.5
27169,MN,6.8,28.9,8.1,28.9
27171,MN,5.7,26.1,8.3,28
27173,MN,8.2,26.9,9.2,29
28001,MS,14.7,37.4,13.9,37.7
28003,MS,12.1,31.2,14.3,37.9
28005,MS,12.9,36.7,17.6,42.3
28007,MS,13.5,36.9,15.4,39.2
28009,MS,12.7,34.3,15.9,37
28011,MS,13.4,38.5,16.5,37.5
28013,MS,13.1,32.5,14.7,35.8
28015,MS,12.9,33.9,16.8,34.2
28017,MS,12.9,35.8,15.2,33.4
28019,MS,13.3,34.5,15.8,31.7
28021,MS,14.8,40.8,17,47.6
28023,MS,12.1,33.3,14.9,34.8
28025,MS,14.1,35.3,14.6,35.3
28027,MS,15.9,42.7,16.8,42.9
28029,MS,13.4,37.8,15,37.4
28031,MS,13.6,37.8,16.3,36.3
28033,MS,10.9,32.2,12.8,35.9
28035,MS,11.5,34.7,11.1,34.4
28037,MS,12.6,37,16.1,35.6
28039,MS,10.4,34.6,13.1,34.2
28041,MS,10.8,35.4,13,38.5
28043,MS,13.4,36.1,14.5,38.9
28045,MS,12.4,34,13.6,31.9
28047,MS,12.6,32.7,13.4,32.3
28049,MS,11.7,33.1,12.4,34.9
28051,MS,15.6,42.2,17.5,46.1
28053,MS,15.7,42.1,17.3,41.6
28055,MS,13.4,37.6,15.5,34.4
28057,MS,13.1,31.4,12.8,34.5
28059,MS,12.6,33.7,14.3,32
28061,MS,15.8,36.7,16.8,37.9
28063,MS,15.3,41.8,16.9,44.5
28065,MS,13.6,36.4,15.6,39.4
28067,MS,13.2,36.9,14.6,38.4
28069,MS,15.2,38.2,15.9,36.9
28071,MS,10.1,32,10.4,34.3
28073,MS,9.4,31.7,10.8,32.8
28075,MS,13.2,34.5,13.3,32.3
28077,MS,14.5,34.3,15.9,36.8
28079,MS,12.6,35,13.5,40.9
28081,MS,12.2,32,13.7,33
28083,MS,14,38.3,16.1,44
28085,MS,12.3,36.8,12.9,39.1
28087,MS,14.4,34.7,13.6,34.3
28089,MS,10.6,30.1,10.2,28.6
28091,MS,12.6,33.5,13.6,34.2
28093,MS,13.9,38.6,15.5,39.1
28095,MS,12.8,34.4,14.2,38
28097,MS,14.4,34.9,14.4,38.3
28099,MS,13.4,32.5,13.4,37.5
28101,MS,11.9,36.2,15.6,34.8
28103,MS,14.1,37.2,17.7,40.6
28105,MS,9,31.1,10.2,34.2
28107,MS,13.7,34.3,14.5,36
28109,MS,12.6,31.6,12.7,33.7
28111,MS,11.9,34.6,11.8,37.2
28113,MS,15.2,38.5,15.6,37.2
28115,MS,10.5,32.6,13.5,31.1
28117,MS,12.4,32,16.3,33.1
28119,MS,14.4,39.8,15.4,41.5
28121,MS,10.8,32.1,11.1,31.5
28123,MS,14.4,36,15.1,33.7
28125,MS,14.8,39,17.1,37.5
28127,MS,12.4,33.4,13.9,37.7
28129,MS,12.3,32.1,14.4,36.8
28131,MS,11.7,34.1,12.4,35.8
28133,MS,14.2,40.7,15.2,42.2
28135,MS,15.4,36.7,15.3,39.6
28137,MS,12.1,35.1,16.7,37.4
28139,MS,13.4,31.6,12.8,33.9
28141,MS,11.6,25.8,15,36.6
28143,MS,14.2,41.7,16.2,40.7
28145,MS,10.8,32.3,11.3,33.2
28147,MS,13.8,38.7,17,38.3
28149,MS,13,35.7,15,32.7
28151,MS,13.5,36.8,14.9,38.9
28153,MS,11.9,34.3,15.5,38.2
28155,MS,12.7,31.4,14.7,33.9
28157,MS,14.7,37.9,18.1,39.9
28159,MS,14.6,35.6,15,36.4
28161,MS,13.7,36.7,18.2,38.6
28163,MS,12.6,36.5,14.3,38.8
29001,MO,8,28.8,9,29
29003,MO,9.3,30.4,9.9,29.3
29005,MO,10.7,29,12.2,29.8
29007,MO,9.4,30.3,11.7,34.7
29009,MO,9.3,29.3,11,32.4
29011,MO,9.6,29.4,13.9,35.3
29013,MO,9.5,29.2,11.3,32.1
29015,MO,10.7,29.4,13.9,31.2
29017,MO,9.3,30.5,10.9,33.1
29019,MO,7.3,29.1,7.5,28.4
29021,MO,10.1,34.2,11.6,32.6
29023,MO,10.1,30.7,11.7,35.1
29025,MO,9.7,30.6,13.2,37.2
29027,MO,9.2,31.4,10,34.3
29029,MO,9.9,28,10.6,28.5
29031,MO,9,29.8,11.3,31.9
29033,MO,10,29.5,11.2,35.4
29035,MO,9.8,29.4,11.2,31.1
29037,MO,8.7,29.9,10.8,30.3
29039,MO,10.4,29.5,13,31
29041,MO,11.5,28.8,11.5,30.4
29043,MO,7.8,28.2,10.5,29.1
29045,MO,9.4,30.4,11.1,34.3
29047,MO,8.7,29.9,10.4,29.3
29049,MO,9.5,30.5,10.9,34.5
29051,MO,8.7,28.1,10.1,30.7
29053,MO,8.9,30.5,11,35.4
29055,MO,9,30.4,10.4,32.4
29057,MO,10.3,29.4,13.3,34.3
29059,MO,9.1,30.3,12.1,33.7
29061,MO,9.4,30.3,10.5,32.6
29063,MO,8.2,30.8,12.1,36.1
29065,MO,9.6,29.6,13.6,34.6
29067,MO,9.8,29.7,11.9,32.5
29069,MO,10.6,31.5,11.4,32
29071,MO,8.6,30.1,10.5,30.4
29073,MO,10,29.7,12.4,35
29075,MO,10.7,29.2,11.9,28.7
29077,MO,8.4,29.2,8.8,32
29079,MO,10,28.5,10.6,32.6
29081,MO,10.3,29.6,12.8,34.1
29083,MO,9.9,29.9,11.8,29.5
29085,MO,11.1,28.7,13.1,29.2
29087,MO,10.5,30.2,11.5,32.5
29089,MO,9.5,29.7,10,33.9
29091,MO,10.1,29.6,12.3,31.5
29093,MO,9.8,31.8,11.3,35.1
29095,MO,9.2,31.2,11.2,31
29097,MO,8.4,31.2,10.8,34.5
29099,MO,9.2,30.9,10.6,30.4
29101,MO,8.2,31.2,9.8,30.9
29103,MO,10.4,29,10.9,31.7
29105,MO,8.8,30.2,11.7,31.1
29107,MO,9.7,29.9,11.9,29.1
29109,MO,9.3,29.6,10,30
29111,MO,9.3,29.3,10.8,35.5
29113,MO,8.4,31,11.5,31.5
29115,MO,10.1,30.5,12.2,30.6
29117,MO,10.3,28.6,10,28.8
29119,MO,8.8,30.5,10.3,28.1
29121,MO,10.3,29,12.6,32.8
29123,MO,9.5,30.1,11.2,34.3
29125,MO,9.5,30.6,12.4,33.7
29127,MO,9.4,29.4,12.5,37.3
29129,MO,10.5,29.5,11.5,33.4
29131,MO,9.1,28.9,11.7,30.8
29133,MO,10.2,30.6,12.6,31.9
29135,MO,9.2,29.6,9.6,28.3
29137,MO,9.8,29.9,12.6,30.8
29139,MO,10,29.3,11.8,33.9
29141,MO,10.1,28.1,11.3,28.3
29143,MO,10.1,31.2,12.2,33.1
29145,MO,9.7,29.3,9.3,32
29147,MO,8,28.9,10.6,29.7
29149,MO,10.3,30.6,10.3,32.4
29151,MO,9,29.8,11.3,33.3
29153,MO,10.1,29.4,15.1,33.4
29155,MO,10.6,32.9,13.1,34.4
29157,MO,9.2,30.3,10.9,33
29159,MO,9.3,30.2,12.4,36.5
29161,MO,8.7,29.4,11.4,27
29163,MO,9,30,11.3,28.8
29165,MO,8.5,29,11.3,30.8
29167,MO,9.6,29.4,11.4,29.4
29169,MO,8.2,32.7,8.5,28.4
29171,MO,10.4,29.6,11.8,31.9
29173,MO,9.3,29.6,13,32.6
29175,MO,9.5,31.6,12,33
29177,MO,10.1,30.8,11.5,34.8
29179,MO,10.3,29.4,12.2,32.6
29181,MO,9.9,29.1,11.2,34.3
29183,MO,8.1,29.1,8.4,25
29185,MO,10.6,29.2,12.4,28.6
29186,MO,9.1,30.5,10.5,30.1
29187,MO,9.2,31.1,12.2,32.8
29189,MO,9,28.5,10.8,29
29195,MO,9.5,30.1,11,37.6
29197,MO,10.4,29.7,11.4,30.3
29199,MO,9,30.7,10,31.2
29201,MO,9.4,30.8,12.6,36.5
29203,MO,9.7,30.1,12.2,29.7
29205,MO,10.4,29.7,11.5,33.1
29207,MO,9.7,28.8,13.6,32.8
29209,MO,10.2,28.4,13,33.2
29211,MO,9.8,29.3,11.4,35.7
29213,MO,9.4,31.3,10.8,30.9
29215,MO,9.7,30.3,13,32.6
29217,MO,9.7,30.6,13.2,30.3
29219,MO,9,30.7,11.8,28.4
29221,MO,9.2,31.3,14.1,33.6
29223,MO,11,30.3,13.6,36.1
29225,MO,8.5,30.2,9.8,33.8
29227,MO,10.7,28.8,12.5,30.2
29229,MO,9.2,30.5,10.7,31.4
29510,MO,11.2,33.4,13.5,33.8
30001,MT,8.7,21.4,7.7,24.2
30003,MT,11.6,33.7,13.4,38.8
30005,MT,10.6,33.7,11.9,35.6
30007,MT,7.6,23.5,8.8,30.4
30009,MT,7.4,27,9,24
30011,MT,8.1,24,9.3,25
30013,MT,8.1,24.3,9.1,28.2
30015,MT,8.9,26.1,8.1,26.2
30017,MT,7.9,24.7,9.9,30.6
30019,MT,8.6,23,9,25.5
30021,MT,8.9,26.2,9.6,30.9
30023,MT,7.6,25.1,9.9,25.9
30025,MT,7.5,26.8,7.6,27.7
30027,MT,8.4,23.4,9.2,26
30029,MT,6.3,21.9,7.1,23.1
30031,MT,3.6,17.3,4.3,15.5
30033,MT,7.8,26.1,8.3,25.9
30035,MT,11.2,31.1,13.5,34.2
30037,MT,7.7,24.4,9.7,24.4
30039,MT,7.8,24.7,9.1,29
30041,MT,8.2,30.4,11.1,33.4
30043,MT,7.5,22.7,8.6,27.5
30045,MT,7.7,23.8,8.7,28.8
30047,MT,8.4,26.4,10.8,27.7
30049,MT,7.5,22.2,7.7,24.3
30051,MT,8.4,24.6,8.9,26.5
30053,MT,8.9,22.8,11.7,28.8
30055,MT,7.9,23.2,9.4,23.8
30057,MT,6.5,21.2,9.4,21.7
30059,MT,8,25.5,8.9,23.9
30061,MT,8.3,25.3,10.8,27.7
30063,MT,5,19.6,5.2,22.2
30065,MT,8.4,21.3,9.6,27.5
30067,MT,7,18.2,7.6,22.6
30069,MT,8.7,22,9.5,24.6
30071,MT,8.4,21.9,9.8,29
30073,MT,8.6,27.6,10.4,29.4
30075,MT,8.2,23.7,7.5,27.3
30077,MT,7.5,24.6,10.1,28
30079,MT,8.5,26.2,10,26.2
30081,MT,6.3,19.5,8.9,23.3
30083,MT,8.2,27.5,7.6,30.7
30085,MT,11.8,30.6,12.8,36.9
30087,MT,9.5,39.6,11.7,35.6
30089,MT,8.5,24.2,11.1,26.8
30091,MT,8.5,26.8,10.3,29.8
30093,MT,8.2,23.1,8.3,25.5
30095,MT,6.5,22.6,7.8,21.8
30097,MT,7.7,21.1,9.9,24.3
30099,MT,7.3,26.8,8.8,26.7
30101,MT,6.6,27.4,8.6,26.5
30103,MT,7.7,24.3,9.9,25.6
30105,MT,8.9,24.8,9.8,29.2
30107,MT,7.6,26.1,9.8,25.3
30109,MT,7.8,21.6,9.2,26.6
30111,MT,8.1,25.8,8.4,25.1
31001,NE,8.2,28.7,10.8,33
31003,NE,8.9,28.8,10.6,27.6
31005,NE,7.7,28.4,8.3,29.7
31007,NE,9.4,29.5,13.1,33.5
31009,NE,10.2,28.6,9.1,29.1
31011,NE,9.4,28.2,9.4,31.6
31013,NE,8.6,31,11.8,33.9
31015,NE,9.4,28.5,13.9,34.2
31017,NE,9.9,28.8,10.3,30.2
31019,NE,6.8,29.5,6.7,30.1
31021,NE,9.7,29.3,10.3,31
31023,NE,8.2,29.2,9,32
31025,NE,8.2,28,8.9,35.4
31027,NE,8.4,27.6,8.8,28.3
31029,NE,8.8,28.1,10.2,30.6
31031,NE,8.8,28.5,8.3,26.2
31033,NE,7.8,27.7,7.6,31.5
31035,NE,9.4,31.5,9.5,32.9
31037,NE,8,28.7,8.5,31.5
31039,NE,8.3,29,8.8,29.7
31041,NE,8.6,30.7,9.7,32
31043,NE,8.6,33.7,9.2,35.8
31045,NE,7.9,27.6,9.5,27.3
31047,NE,8.6,29.9,9.4,33.8
31049,NE,9.1,28.5,9.7,30.1
31051,NE,8.8,30.8,10.2,31.5
31053,NE,8.7,29.3,10,32.7
31055,NE,7.9,27.7,8.8,27.8
31057,NE,10.8,29.9,10.8,35.3
31059,NE,9.1,28.4,10.1,33.4
31061,NE,9.8,28.3,10.6,36.7
31063,NE,8.9,30.5,9.7,35.5
31065,NE,10.3,31.2,12.8,33.9
31067,NE,8.7,30.8,10.9,34.1
31069,NE,11.1,29.4,9.9,32.6
31071,NE,9.8,28.3,9.5,28.4
31073,NE,9.7,28.5,9.9,34.4
31075,NE,9.4,29,10.4,28.3
31077,NE,10.3,30.6,9.6,32.4
31079,NE,8.9,31.9,8.7,33.9
31081,NE,8.1,30.1,7.3,32.5
31083,NE,9.4,27.8,10.8,32.1
31085,NE,9.2,30.8,9.9,33.2
31087,NE,9.6,30.1,11.3,35.9
31089,NE,9.8,28.4,8.9,30.2
31091,NE,10.2,29.6,10.5,26.6
31093,NE,8.1,28.4,9.3,29.4
31095,NE,9.8,29.3,12.1,36.2
31097,NE,9.9,29.7,9.2,30.3
31099,NE,7.9,28.8,8.4,31.1
31101,NE,8.8,28.5,9.1,27.5
31103,NE,9.7,29.8,10.7,29.6
31105,NE,10.1,28.5,10.5,31.4
31107,NE,9.5,28.1,10.4,31.6
31109,NE,7.2,26.2,7.6,26
31111,NE,8.7,31,10.3,31.7
31113,NE,9.6,28.6,9.3,31.1
31115,NE,8.5,29.9,11.1,30.7
31117,NE,8.9,30.8,10.1,30.5
31119,NE,8.1,27.4,9.4,32.6
31121,NE,8.5,30.9,11.1,32.6
31123,NE,9.8,28.7,9.2,30.2
31125,NE,9.1,28.4,11.4,29.8
31127,NE,8.7,29.4,10,35.5
31129,NE,9.9,28.5,9.4,33.5
31131,NE,9.5,32.1,11.5,33.9
31133,NE,10.3,28.8,10.3,29.8
31135,NE,9.4,26.3,8.6,24.5
31137,NE,8.7,29.5,10,33.4
31139,NE,8.4,30,10.7,34.1
31141,NE,8.1,29.2,9.4,29.3
31143,NE,9.9,30.9,9,29.5
31145,NE,8.7,29.6,8.4,31.9
31147,NE,9.4,31.4,9.8,36.7
31149,NE,10.3,29.3,11.3,30.3
31151,NE,7.9,31.2,8.5,33
31153,NE,6.8,28.4,8.4,30.6
31155,NE,8.3,28.9,8.6,28.6
31157,NE,10.1,31.1,10.5,33.9
31159,NE,8.3,27.8,7.7,29.4
31161,NE,9.8,28.3,11.3,30.2
31163,NE,9.3,30,10.7,33.1
31165,NE,8.3,29.3,8.2,32.3
31167,NE,7.5,31.6,9.5,34.3
31169,NE,10,30,10.2,30.2
31171,NE,9,30.1,10,32.8
31173,NE,10.1,32.4,16.8,41.8
31175,NE,9.6,29.4,11.6,32.3
31177,NE,7.9,28.6,8,31.5
31179,NE,6.9,29.7,6.6,29.6
31181,NE,10.9,29.6,10.2,32.9
31183,NE,8.3,28.5,9.3,28.1
31185,NE,9,32,8.4,33.6
32001,NV,8.3,25.8,9.5,25.5
32003,NV,8.6,26,9.2,27.8
32005,NV,7,21.1,8,21.4
32007,NV,7.3,29.8,8.1,30.3
32009,NV,11.2,25,10.6,25.5
32011,NV,7.8,26.5,8.6,27.2
32013,NV,6.8,29.9,6.8,25.7
32015,NV,8,29.2,7.8,30.4
32017,NV,11.3,26.2,9.5,25.9
32019,NV,7.3,28.6,9.3,29.8
32021,NV,12.1,29.4,11.2,28
32023,NV,10.2,30.2,12.5,31.5
32027,NV,7,33.2,7.8,31.1
32029,NV,7.3,25.8,11.1,26.9
32031,NV,6.7,21.6,7.1,21.8
32033,NV,8.4,34.5,9.2,28.7
32510,NV,7.6,23.7,8.2,24.6
33001,NH,8.5,25.9,10.6,31.3
33003,NH,8.5,21.9,10.1,25.2
33005,NH,8.1,28,9,27.4
33007,NH,9.6,28.8,12.3,30.5
33009,NH,7.6,23,8.8,25.3
33011,NH,7.7,26.4,9.1,28.5
33013,NH,7.6,25,9.1,29.5
33015,NH,7.4,24.7,9.1,26.1
33017,NH,8.3,27.4,10.5,29.1
33019,NH,8.1,26.8,10.2,28.8
34001,NJ,10,26.5,11.3,27.6
34003,NJ,8.8,20.8,8,21.5
34005,NJ,9,26.2,9.5,28
34007,NJ,9.4,26.8,10.4,30.2
34009,NJ,9.7,24.8,11,27.9
34011,NJ,9.2,29.6,11.6,34.5
34013,NJ,9.8,26.1,10.7,28.7
34015,NJ,9.6,25.6,11.3,30.3
34017,NJ,8.1,24.1,7.4,23.9
34019,NJ,6.9,19.8,7,22.3
34021,NJ,8.7,24,9.6,24.6
34023,NJ,8.3,23.7,9.8,25
34025,NJ,8.5,21.7,8.9,23.2
34027,NJ,7.1,20.8,7.9,21
34029,NJ,9.4,25.8,11.2,28.1
34031,NJ,9,23.7,8.3,25.7
34033,NJ,9.4,29.7,11.7,33.9
34035,NJ,7.5,22.3,8.4,22.6
34037,NJ,7.8,26.9,8.6,26.2
34039,NJ,8.2,22.2,7.8,24.7
34041,NJ,8.1,27.5,9.2,28.8
35001,NM,5.7,19.9,7.4,21.5
35003,NM,7.6,18.8,10.2,20.3
35005,NM,7.9,28,9.2,29.2
35006,NM,11.3,29,13.4,31.2
35007,NM,7,17.8,9.2,22
35009,NM,8.5,26.2,7.9,30.5
35011,NM,8,23.9,9.8,22.9
35013,NM,6.1,25.1,7.4,23.6
35015,NM,9.2,28.8,9.7,31.2
35017,NM,7.3,20.7,9.7,21.8
35019,NM,6.1,22.6,8.4,27.3
35021,NM,7.9,22.4,10.3,22.9
35023,NM,6.6,21.8,9,22.9
35025,NM,7.7,28.8,8,33.8
35027,NM,6.1,19.9,7.9,19.9
35028,NM,5.6,19.3,7,19.9
35029,NM,7.8,25.6,10.6,24.3
35031,NM,12,35,13.6,35.1
35033,NM,6.3,20.2,11.3,22.6
35035,NM,7.6,24.9,9.5,25.1
35037,NM,7.8,27.5,9.6,32
35039,NM,6.4,22.9,8.8,24.5
35041,NM,5.2,25.9,9.4,26.9
35043,NM,6.3,23.3,8,23.8
35045,NM,8.4,28.1,10,31.7
35047,NM,6.6,20.2,8.8,22.6
35049,NM,4,12.9,4.7,13.7
35051,NM,7.9,22.9,10.1,21
35053,NM,8,25.1,10.4,26.3
35055,NM,6.1,16.1,7.7,17.4
35057,NM,6.1,23,9.9,26.1
35059,NM,6.6,22.3,9.5,27
35061,NM,7.3,26.5,9,26.6
36001,NY,7.5,25.7,9.8,25.4
36003,NY,8.6,26.3,9.3,29.6
36005,NY,9.5,28.4,12.3,30.4
36007,NY,8.8,28.1,9.9,27.3
36009,NY,9.3,29,9.3,28.1
36011,NY,8.2,24.7,10,30.6
36013,NY,8.8,30,9.9,29.6
36015,NY,9.6,26.4,9.4,29.1
36017,NY,8.1,25.8,10.2,30.3
36019,NY,7.8,25.6,9.9,30.3
36021,NY,8.3,26.2,10.6,25
36023,NY,7.7,27.6,8.3,26.8
36025,NY,8.4,26.5,10.8,27.9
36027,NY,8.3,26.7,9.6,25.9
36029,NY,10.1,26.7,9.4,26.7
36031,NY,8.1,25.2,9.7,27.3
36033,NY,8.4,27.8,9.6,30.3
36035,NY,8.4,27.4,10.1,30.1
36037,NY,9.2,28.2,9.3,26.8
36039,NY,8.4,26.8,9.5,27.9
36041,NY,10.3,25.1,11,26.1
36043,NY,8.8,28.6,9.2,29.6
36045,NY,7.5,27.6,9.4,28.4
36047,NY,9.1,24.4,10.3,22.7
36049,NY,8.5,26.9,9.9,33.7
36051,NY,8.7,28.7,10.5,31.2
36053,NY,7.6,26.8,9.6,26.1
36055,NY,8.6,28.4,9.7,27.7
36057,NY,8.8,29.1,9.4,26
36059,NY,8.8,21.3,8.3,23.5
36061,NY,6.8,16.1,6.7,14.7
36063,NY,8.9,26.9,9.5,30.4
36065,NY,8.8,26,10,31.4
36067,NY,8.6,28.9,9.1,27.9
36069,NY,8.4,28.2,7.6,29.4
36071,NY,8.7,25.4,9.7,28.8
36073,NY,8.6,28.8,9.7,28.5
36075,NY,9.1,30,10.7,29.2
36077,NY,8.4,27.5,9.3,26
36079,NY,7.7,27.4,7.6,24.1
36081,NY,9.2,23.7,11.2,23.8
36083,NY,8,26.9,8.9,27.4
36085,NY,8.9,25,9.5,28.2
36087,NY,9.8,25.4,10.3,22.4
36089,NY,8.6,29.6,10.6,28.2
36091,NY,7.7,25.7,8.5,26.7
36093,NY,8.7,27,9.9,26.1
36095,NY,8.9,26.1,9.8,26.2
36097,NY,8.2,26.3,10.7,30.8
36099,NY,8.5,29.9,8.9,28.9
36101,NY,9.9,29.1,11.2,30.8
36103,NY,8,24.7,8.8,23.1
36105,NY,9.3,25.7,10.5,29.3
36107,NY,7.9,28.4,10.5,29.3
36109,NY,6.1,24.4,7.5,25.3
36111,NY,7.5,27.8,9.3,27.2
36113,NY,8.9,28.7,9.8,27.4
36115,NY,8.5,26.7,11,31.9
36117,NY,8.8,28.3,10.3,30.2
36119,NY,7.4,19,8.2,20.3
36121,NY,8,26.7,8.1,25.6
36123,NY,8.8,23.5,9.5,26.6
37001,NC,10.3,31.4,10.9,35.1
37003,NC,9.5,28.6,11.6,34
37005,NC,10.4,26.7,12.8,27.1
37007,NC,11.8,33,14.9,34.6
37009,NC,8.5,24.4,11.5,29.1
37011,NC,10.2,28.4,11.1,26
37013,NC,11.5,33.7,13.4,33
37015,NC,13.8,35.9,14.2,35.5
37017,NC,12.1,33.4,14.5,38.2
37019,NC,9.7,28.4,11,28
37021,NC,8.7,22.2,9.5,23.5
37023,NC,10.6,26.8,11.9,32.4
37025,NC,10.1,29.8,9.9,30
37027,NC,9.9,30.8,14.2,32.7
37029,NC,9.9,31.6,11.1,31
37031,NC,10.8,28.7,10.3,25.8
37033,NC,13.4,30.2,13.2,36
37035,NC,8.7,27.2,13.5,29.5
37037,NC,8.5,25.9,12.1,27.1
37039,NC,11.9,25.2,13,30
37041,NC,12.4,30,13.3,34.2
37043,NC,10.3,25.4,13.1,28.7
37045,NC,11.6,31.9,12.4,30.9
37047,NC,12.1,33,16,31.2
37049,NC,10.9,29.9,10.3,30.1
37051,NC,12.2,32.5,12.1,32.3
37053,NC,9.3,29.1,10.6,28.9
37055,NC,9.1,25.1,9.8,27.4
37057,NC,10.6,29.9,11,31.4
37059,NC,9.2,27.8,10.9,29.1
37061,NC,11.3,31.8,13.8,32
37063,NC,9.3,29.2,8.7,29.2
37065,NC,12.8,37.2,16.4,40.8
37067,NC,8.4,25,11.2,31.4
37069,NC,9.3,31.4,14,31.2
37071,NC,10.2,27.2,13.7,33.3
37073,NC,11.8,33.5,12.9,33.9
37075,NC,10.7,28.8,12,27.5
37077,NC,10.9,33.3,12.1,35.8
37079,NC,11.4,32.2,12.7,35.9
37081,NC,10,27.9,10.3,30.7
37083,NC,14.7,36.9,13.7,39
37085,NC,8.9,31.7,10.6,33.2
37087,NC,10.8,28.7,12.3,30
37089,NC,9.6,25.1,9.9,27.1
37091,NC,13.3,34,14.4,36.9
37093,NC,10.9,31.7,12.2,34.7
37095,NC,12.3,30.8,12,29.7
37097,NC,8.7,26.5,10.4,29.1
37099,NC,10.8,29.7,11.6,31.4
37101,NC,8.9,33.1,13.9,35.5
37103,NC,13.1,31.9,14.9,33.9
37105,NC,11.9,28.8,13.5,29.9
37107,NC,12.9,32.6,15.6,37.2
37109,NC,11.4,26.8,11.4,27.6
37111,NC,11.1,33.5,14.2,30.9
37113,NC,10.4,27.1,11.7,27.4
37115,NC,9.2,26.3,10.5,24.8
37117,NC,13.6,32.8,15.9,38
37119,NC,7.9,25.6,8.5,23.9
37121,NC,12,26.1,12.8,29.2
37123,NC,10.7,30.7,12.5,30.7
37125,NC,9.3,25.9,10.6,27.4
37127,NC,11.8,32.1,13.2,31.5
37129,NC,10.3,25.4,8.4,24.9
37131,NC,14.9,35.6,16.2,38.5
37133,NC,8.9,30.6,7.8,29.7
37135,NC,6.4,22.4,8,23.3
37137,NC,11.9,28.6,15.1,31.5
37139,NC,10.7,31.7,14.4,35.4
37141,NC,11.5,32.3,12.1,31.1
37143,NC,11.2,32.1,13.5,32.6
37145,NC,11.3,30.1,12.6,32.7
37147,NC,9.2,32.9,9.5,34.3
37149,NC,9.6,23.2,13.1,27.3
37151,NC,10.2,28.8,13.7,32.2
37153,NC,11.3,30.7,11.2,37.9
37155,NC,12.9,38.7,15.7,39.6
37157,NC,11.2,30.9,14.1,35.4
37159,NC,11.8,30.3,12.8,32.7
37161,NC,11.3,29.5,13.9,28.7
37163,NC,10.8,32.8,13.7,36.7
37165,NC,12.4,34.9,13.7,36.4
37167,NC,10.4,27.7,12.1,30
37169,NC,10.7,30.7,12.7,33.8
37171,NC,11.5,28.2,13.2,30.9
37173,NC,12.7,31.6,14.9,33.3
37175,NC,9.8,23.7,11.3,24.3
37177,NC,11.5,31.5,13.6,30.8
37179,NC,7.6,27.5,9.5,26.5
37181,NC,12.9,33.7,14,38.2
37183,NC,7.8,26.7,8.2,24.8
37185,NC,13.9,36.1,14.4,39.2
37187,NC,13.8,33.4,14.7,32.8
37189,NC,6.7,25,8.6,26.4
37191,NC,11.1,31.9,13.1,34.4
37193,NC,10.8,28.6,10.8,26.7
37195,NC,12,31.9,12.4,36.8
37197,NC,11.2,29.9,10.5,31
37199,NC,9.1,24.5,11.2,27
38001,ND,10.1,27.6,10.5,31.9
38003,ND,8.3,29.2,10.5,34.7
38005,ND,11.3,31.9,11.7,31
38007,ND,8.4,27.5,7.8,28.3
38009,ND,9.7,27.4,9.8,31
38011,ND,9.2,27.5,9.1,30.3
38013,ND,10.4,28.1,8.9,28.9
38015,ND,6.7,25,7.5,29.1
38017,ND,6.4,27.6,7,29.1
38019,ND,10.3,27.7,11.2,32.1
38021,ND,9.2,27.6,11.2,33.4
38023,ND,9.7,28.1,10.1,27.1
38025,ND,10.2,30.3,9.2,33.5
38027,ND,9.9,27.5,11.8,31.5
38029,ND,10,26.9,11.3,30.9
38031,ND,9.8,26.6,10.7,30.5
38033,ND,9.4,27.7,8.8,32.1
38035,ND,7,29.3,7.3,30.1
38037,ND,9.6,29.5,10.8,33.3
38039,ND,9.5,27.7,10.2,26.9
38041,ND,10.3,28.3,9.5,29.1
38043,ND,9.3,27.4,8.9,30.1
38045,ND,9,27.5,11.2,33.4
38047,ND,10.2,27.6,11.2,32.8
38049,ND,9.6,28.7,8.3,31.7
38051,ND,10.8,29.3,10.6,32.8
38053,ND,9.1,30.6,9.5,32.8
38055,ND,9.1,29,10.4,33.4
38057,ND,8.9,28.4,11.9,31.8
38059,ND,7.7,29.5,7.9,33.3
38061,ND,10.1,31.6,12.6,35.9
38063,ND,10,27.1,12.2,31.7
38065,ND,9.3,28.2,10.9,32.1
38067,ND,9.2,29.1,12.1,32.1
38069,ND,9.4,27.4,10.4,34
38071,ND,8.3,28.3,10.2,33.2
38073,ND,8.9,28.7,10.4,33.1
38075,ND,9.3,27,10.8,31.6
38077,ND,7.5,29.6,8.4,33.1
38079,ND,13.6,37.6,12.9,41.4
38081,ND,9.3,28.5,9.4,34.4
38083,ND,10.6,28.6,11.5,31.6
38085,ND,12.4,35.6,13.3,33.7
38087,ND,8.5,28,9.3,26.9
38089,ND,8.1,28.2,8,29.6
38091,ND,9.7,29.5,11.4,30.2
38093,ND,8.4,28.6,8.8,33
38095,ND,9.7,28.1,11.2,30.1
38097,ND,8,29.3,8.5,32.8
38099,ND,8.6,28.5,9.5,32.2
38101,ND,8.2,27,7.8,30.8
38103,ND,9.8,27.1,10.9,33.5
38105,ND,8.5,28.7,8.3,35.3
39001,OH,10.9,29.6,11.4,31.1
39003,OH,11.7,32.5,13,35.4
39005,OH,10.5,29.2,11.6,27.9
39007,OH,10.1,30.5,13.3,33.5
39009,OH,9.6,30.9,11.1,28.3
39011,OH,10.6,30.5,11.1,34.7
39013,OH,11.2,29.4,15.1,33.5
39015,OH,10.2,30.7,13.6,33.7
39017,OH,10.6,30.5,12,32.8
39019,OH,10.6,30,12.7,34.7
39021,OH,10.4,29.4,13.2,37
39023,OH,11.8,30.4,12.9,31.5
39025,OH,9.6,29.7,11.7,30.3
39027,OH,10.5,29.6,11.7,34.3
39029,OH,11.3,32.6,12.5,33
39031,OH,10.6,30.5,14.6,34.3
39033,OH,11.7,30.5,13.3,32
39035,OH,11.1,28.2,12,30
39037,OH,10.6,28.8,12.8,32.3
39039,OH,10.8,28.4,11.6,32.9
39041,OH,8.7,26.9,9.2,28.1
39043,OH,11.6,29.7,11.1,35.4
39045,OH,10.4,30.7,11.1,32.6
39047,OH,11.7,29.8,13,33.4
39049,OH,10.3,30.9,9.9,29.7
39051,OH,11.5,30,13.4,36.7
39053,OH,11.2,29.7,14.5,32.3
39055,OH,10.2,27.3,11.8,27
39057,OH,10.1,29,10.5,31.3
39059,OH,11.4,29.8,12.6,36.4
39061,OH,10.2,26.9,11,29.2
39063,OH,9.3,29.9,11.5,31.4
39065,OH,10.5,30.2,9.6,35.2
39067,OH,12.4,30.3,13.2,30.3
39069,OH,10.9,30.3,11.8,29.2
39071,OH,10.1,29.2,11,32.1
39073,OH,11.3,31.3,14.6,37.5
39075,OH,9.2,28.6,10.3,31.2
39077,OH,10,31.4,12.8,33.3
39079,OH,11.2,31.1,14.2,37.4
39081,OH,13.5,32.2,15.4,36.6
39083,OH,10.1,28.6,11,27.6
39085,OH,11,29.8,11.2,26.7
39087,OH,11.7,34.5,15.7,38.8
39089,OH,11.3,30.2,11,31.4
39091,OH,11.2,30.4,13.4,34.3
39093,OH,10.8,31,11.5,29.2
39095,OH,10.7,31,12.3,34.2
39097,OH,10.8,29.4,10.7,29.6
39099,OH,10.7,28.1,12.5,31.3
39101,OH,11,29.4,12.9,35.8
39103,OH,8.8,28.2,9.6,29.1
39105,OH,10.4,30.1,16.7,34.3
39107,OH,10.7,29.2,11,27.9
39109,OH,11.1,29.3,12.8,34.1
39111,OH,11.6,31.3,14.9,36.8
39113,OH,11.9,30.1,13,33.3
39115,OH,11.6,31.1,14.8,36.7
39117,OH,9.5,29.9,12.2,36.9
39119,OH,11.4,29.5,12.9,31.2
39121,OH,9.5,30.4,14,33.5
39123,OH,10.6,30.2,11.1,30.6
39125,OH,10.8,29.9,12.4,29.9
39127,OH,10,30.4,13.1,36.3
39129,OH,10.9,30.9,12.4,34
39131,OH,10.9,30.1,13.6,35.8
39133,OH,9.4,28.8,9.1,29
39135,OH,10.9,29.2,12.6,29.3
39137,OH,10.9,31.1,9.9,35.2
39139,OH,11,29,11.9,32.8
39141,OH,10.3,32,13.3,33.7
39143,OH,10.9,29.9,12.9,33.5
39145,OH,10.8,31.3,16,37
39147,OH,10,29.2,13.5,35.1
39149,OH,10.1,29.3,11.3,31.8
39151,OH,11.5,30.8,12.9,30.7
39153,OH,10.7,28,10.4,30.8
39155,OH,11.3,27.9,12.3,32.6
39157,OH,10.9,29.3,12.7,35
39159,OH,8.8,31.7,10.2,34.2
39161,OH,10.6,30.5,14.8,37.9
39163,OH,10.4,30.6,17,33.6
39165,OH,9.5,27.6,9.7,29.9
39167,OH,12.2,30.5,14.4,34.8
39169,OH,10.4,30.1,12.3,30.3
39171,OH,10.2,29.8,12.8,35.9
39173,OH,9.7,29.6,11,30.9
39175,OH,11.2,30.2,12.5,35.8
40001,OK,13.3,33.7,14.3,38.6
40003,OK,11.2,30.2,13.2,36
40005,OK,11.5,31,12.8,34.3
40007,OK,10.7,31.4,13.4,38.9
40009,OK,10.3,31,10,35.5
40011,OK,9.7,31.5,14.2,38.4
40013,OK,10.9,29.5,11.4,32.5
40015,OK,11.5,31.8,12.6,37
40017,OK,10.6,30.4,11.9,35
40019,OK,10.2,30.3,12.5,32.3
40021,OK,11.3,33.2,14.6,35.5
40023,OK,12.5,31.5,15.5,36.2
40025,OK,11.2,28.8,12.5,32.8
40027,OK,9.2,29.2,10.4,30.1
40029,OK,12.1,31.3,12.9,35.6
40031,OK,9.7,31.5,11.1,34.8
40033,OK,11.2,32.1,14.5,36.2
40035,OK,13.2,32.8,13.1,27.4
40037,OK,11.1,32.3,14.8,36.8
40039,OK,10.5,29.7,11.7,30.9
40041,OK,12.6,31,14.2,33.4
40043,OK,11.7,31.5,13.9,35.5
40045,OK,12.1,31.1,13,31
40047,OK,10.4,31.4,9.8,36.7
40049,OK,11.1,28.7,13.2,33.8
40051,OK,8.6,32.3,12,34.8
40053,OK,12.3,29.2,13,36.4
40055,OK,10.7,30.9,12.9,32.7
40057,OK,12.5,31,14,36.8
40059,OK,12.5,29.8,12.4,35
40061,OK,11.5,33.8,18,38.5
40063,OK,12.6,32,15.6,32.3
40065,OK,12.9,31.2,12.8,34.1
40067,OK,11.7,29.6,13.7,36
40069,OK,11.8,31.8,13.7,39.2
40071,OK,11.4,32.1,12.7,29.7
40073,OK,11.4,30.4,12.2,32.1
40075,OK,11.5,29.9,13.6,30.8
40077,OK,12.2,31.8,15,32.6
40079,OK,11.6,29.1,14.2,39.1
40081,OK,11.7,31.1,14.4,38.8
40083,OK,10.8,31.5,12.1,31.4
40085,OK,12.3,30.5,15,33.5
40087,OK,10.1,30.5,11.1,31.5
40089,OK,11.1,31.4,14,35.3
40091,OK,11.7,33,13.8,37.9
40093,OK,10.4,28.3,11.6,31.6
40095,OK,11.6,30.3,13.4,36.1
40097,OK,11.3,32.7,13.8,34.7
40099,OK,12,33.2,13.4,39.7
40101,OK,13.1,31.2,13.3,37.4
40103,OK,11.4,31.9,13.2,32.8
40105,OK,12.4,31,15.1,36.4
40107,OK,12.7,30.7,13.4,31
40109,OK,10.2,28.7,10.2,31.2
40111,OK,10.5,33.9,12.5,38
40113,OK,11.4,31.6,12.4,34.5
40115,OK,13.3,31.8,15.6,37.1
40117,OK,13.6,32.8,13.4,33.9
40119,OK,9.4,31.2,7.1,28.9
40121,OK,11.6,31.2,13.1,32.4
40123,OK,10.9,34.8,11.9,35.6
40125,OK,10.5,33.9,14.1,34.2
40127,OK,12.3,30.9,16.8,30.3
40129,OK,11.5,32.1,12.5,32.8
40131,OK,10.6,33.7,10.7,32.7
40133,OK,11.3,33.7,14.4,36.4
40135,OK,13.1,34.2,13.5,32.5
40137,OK,11.2,30.1,13.5,34
40139,OK,8.2,30.1,9.6,32.7
40141,OK,13.9,31.7,14.3,33.4
40143,OK,9.6,27.3,10.6,29.6
40145,OK,10.7,30.6,11.4,33.5
40147,OK,10.3,31.5,14,33.2
40149,OK,11,27.6,12.6,40.6
40151,OK,10,29.5,12.4,33.4
40153,OK,10.9,29.4,11.5,38.6
41001,OR,10.7,27.1,12,26.9
41003,OR,6.8,23.7,7.8,21.6
41005,OR,7.7,25,9.8,25.3
41007,OR,8.4,23.7,11,30.7
41009,OR,7.9,31,10.6,33.8
41011,OR,11.7,30.5,12.8,30.4
41013,OR,8.9,27.2,12.5,25.7
41015,OR,9.9,27,11.9,29.9
41017,OR,6.5,18.1,7.8,24.1
41019,OR,11.4,30.1,11.4,31
41021,OR,9.9,26.2,11.6,27.2
41023,OR,10.4,27,12.4,29.6
41025,OR,9.8,24.8,11.2,31.7
41027,OR,7.2,26.9,8.5,26.5
41029,OR,7.5,22.4,8.9,25.6
41031,OR,8.3,26.7,11.2,32.5
41033,OR,8.6,25.1,9.3,27.1
41035,OR,8.6,24.8,10.8,29.9
41037,OR,9.5,24,11.5,28
41039,OR,6.9,25.9,7.8,27.4
41041,OR,9.7,25.7,13.3,28.5
41043,OR,8.5,28.2,11.2,33.6
41045,OR,7.7,27.8,8.9,28.5
41047,OR,8,28.2,10.3,34.1
41049,OR,8.5,26.8,11.4,30.9
41051,OR,7.3,22.8,7.7,21.3
41053,OR,7.9,30.9,9.3,34.5
41055,OR,9.5,25.6,11.1,27.1
41057,OR,8.5,26.2,11.4,28.8
41059,OR,8.9,31.4,9.9,31.8
41061,OR,7.7,24.9,9.2,27.3
41063,OR,9.6,27.2,11.4,24.3
41065,OR,8.1,32.4,11,25.5
41067,OR,6.4,24,8.4,24
41069,OR,8.6,25.6,12.6,27.2
41071,OR,7.7,25,9.6,27.8
42001,PA,8.2,26.6,11.6,31.4
42003,PA,9.5,27.1,9.7,26.7
42005,PA,10.4,30.3,11.7,35.9
42007,PA,10.2,30,11.4,29.7
42009,PA,8.9,27.1,13.2,33.7
42011,PA,7.6,29,11,32.2
42013,PA,9.6,33.8,11.7,33.1
42015,PA,9.6,29.1,10.9,32.5
42017,PA,8.7,24.4,9.6,25.7
42019,PA,8.7,25,10.9,28.5
42021,PA,11.2,33.4,13.1,28.9
42023,PA,9.9,28.6,10.4,27.9
42025,PA,9.3,29,10.7,35
42027,PA,7.9,27.6,7.8,26.6
42029,PA,7.9,22.7,7.9,23
42031,PA,9.6,30.4,11.7,33.8
42033,PA,9.6,30.9,13.7,36.8
42035,PA,8.8,27.9,10.9,32.4
42037,PA,8.9,31.8,11.9,37.9
42039,PA,11.1,29.3,11.7,34.5
42041,PA,9.9,26,9.4,27.6
42043,PA,9.2,31.5,11.9,32.5
42045,PA,9.5,27,9,24
42047,PA,9.4,28.6,10.5,28.5
42049,PA,9,29.4,11.6,31.2
42051,PA,12.4,33.4,15.9,38.5
42053,PA,9.1,28.9,11.3,32.1
42055,PA,9,29.4,11.4,32.2
42057,PA,9.4,28.9,11.9,31.6
42059,PA,9.6,28.6,12.5,33.4
42061,PA,9.6,28,11.5,29.4
42063,PA,8.8,28,9.7,37.2
42065,PA,10.1,27.9,11.5,31.5
42067,PA,10.3,30.8,12.3,34.7
42069,PA,9.6,25.9,11.5,31.3
42071,PA,8,28.5,9.7,29.3
42073,PA,10.4,27.9,12.5,34.3
42075,PA,9.9,29,10.1,29.5
42077,PA,9.4,26.6,10.8,30.1
42079,PA,9.9,28.3,11.7,28.9
42081,PA,9.1,27.6,10.7,31.5
42083,PA,9.3,29.6,10.4,31.9
42085,PA,10.1,29.3,12.2,31.7
42087,PA,9.3,30.5,12.5,32
42089,PA,8.3,27.7,11.2,28.8
42091,PA,8,24.5,7.4,24.6
42093,PA,10.2,28.3,12.4,32.5
42095,PA,8.8,28.8,11.2,28.6
42097,PA,9.5,28.3,12.1,35.3
42099,PA,9.7,30.3,10.3,33
42101,PA,11,30.2,11.5,29.8
42103,PA,9.2,31.3,10.5,29.1
42105,PA,10.2,30,12.1,32.4
42107,PA,9.8,31.3,11.4,35.1
42109,PA,9.1,30.7,9.9,32.5
42111,PA,9.7,32.1,12.5,37.7
42113,PA,10.8,30.6,13.1,31.1
42115,PA,9.1,25.3,10.1,30.4
42117,PA,9.9,31.4,12,30.3
42119,PA,8.5,29.4,10.2,28.2
42121,PA,8.9,30.5,13.2,34.7
42123,PA,10.2,29.5,12.5,33.6
42125,PA,11,32.4,11.8,28.3
42127,PA,9.8,27.9,12.6,33.1
42129,PA,9.4,25.9,11.8,30
42131,PA,9.3,30.9,10.8,33.4
42133,PA,9,30.9,11.3,33.3
44001,RI,7.1,19.9,8.8,22.9
44003,RI,8.8,25,9.9,28.8
44005,RI,7.2,20.9,8.5,23.1
44007,RI,8.2,25.1,9.9,28.2
44009,RI,6.7,20.7,9.1,23.9
45001,SC,13.4,30.3,17,35.2
45003,SC,10.9,31.5,12.8,31.9
45005,SC,14,34.6,19.2,41.1
45007,SC,12.1,26.8,13.2,33.9
45009,SC,15.2,37.5,17,40.3
45011,SC,13.6,34.6,17.3,36.8
45013,SC,8.2,20.1,9.8,22
45015,SC,12.5,36.3,13.5,35
45017,SC,13.6,33.9,18.6,35.3
45019,SC,9.3,25.9,11.1,24.6
45021,SC,12.2,30.4,14.4,36.5
45023,SC,13,32.5,13.8,36.1
45025,SC,12.8,32.7,14.8,34.8
45027,SC,13.9,35.9,17.2,42.3
45029,SC,13.3,33.7,16.5,39
45031,SC,13.5,32.4,14.6,37.7
45033,SC,13.5,35.8,16.5,37.4
45035,SC,10.1,29.8,10.4,33.9
45037,SC,10,33.8,14.1,32.7
45039,SC,14.5,36,18.6,41.3
45041,SC,12,32.5,14.1,34.1
45043,SC,12.7,32.2,14.4,30.8
45045,SC,8.9,25.8,10.4,28.1
45047,SC,12.1,32.7,13.2,33.5
45049,SC,14.7,37.7,15.1,42
45051,SC,10.6,27.7,11.1,29.8
45053,SC,13,35.4,15,37
45055,SC,11.7,30.5,12.6,31.7
45057,SC,12,31.5,11.8,31.3
45059,SC,11.7,33.9,15,40.8
45061,SC,13.8,36.7,16.9,44.3
45063,SC,9.1,28.3,9.9,33.4
45065,SC,13.9,32.2,17.6,35.2
45067,SC,14.4,35.5,17.2,39.9
45069,SC,13.5,38.5,15.2,39.2
45071,SC,11.3,34.4,15.7,35.5
45073,SC,11.7,28.2,12,28
45075,SC,14.3,38.5,15.1,41.9
45077,SC,10,27.7,11.9,30.2
45079,SC,10.8,30.1,11.1,32.6
45081,SC,11.8,30.8,13,35.6
45083,SC,10.6,30,12.8,30.5
45085,SC,13.4,35.3,14.3,34.4
45087,SC,12.1,33,15.6,36.9
45089,SC,14.4,39.2,17.5,42.5
45091,SC,9,30,12,29.4
46003,SD,8.8,27.9,8.7,28
46005,SD,8.1,30.1,9.4,32
46007,SD,10.5,34.2,14.6,36.6
46009,SD,8,29.8,9.4,29.6
46011,SD,6.1,27.9,6.1,27.4
46013,SD,7.6,29.5,8.4,32.2
46015,SD,7.7,29.4,10.1,34.4
46017,SD,13.6,39.1,16.2,42
46019,SD,8.1,28.5,8.4,31.3
46021,SD,9.7,27.3,9.9,30.9
46023,SD,10.1,33.4,11.7,33.6
46025,SD,8.9,29.8,10.4,30.6
46027,SD,5.8,28.7,7.7,31.1
46029,SD,6.7,28.5,8.3,31.2
46031,SD,11.9,39,13.3,40.9
46033,SD,7.9,27.9,10.7,29.7
46035,SD,7.2,28.4,9.4,34.3
46037,SD,9.6,28.9,11.2,30.8
46039,SD,8.3,27.9,10.8,33.3
46041,SD,13.5,38.9,15.6,39.9
46043,SD,9.5,29.9,11,29.8
46045,SD,8.5,28.9,9,29.1
46047,SD,9.8,29.3,11.2,31.7
46049,SD,8.7,28.1,9.8,29.3
46051,SD,9.3,28,8.3,30.6
46053,SD,10.9,29.7,10.4,32.2
46055,SD,9.4,28.3,10.3,30.1
46057,SD,8,29,9.7,30.8
46059,SD,10,28.9,10.5,29.9
46061,SD,7,28.3,8.3,28.9
46063,SD,7.5,29,8.1,32.4
46065,SD,8.9,29.5,9.5,28.3
46067,SD,8.8,29.3,10.5,31
46069,SD,10.2,31.4,10.5,30.5
46071,SD,11.4,32.4,11.2,34.8
46073,SD,8.6,26.6,9.9,27.8
46075,SD,8.7,29.6,10.9,29.3
46077,SD,8.2,26.8,10,33.8
46079,SD,7.2,29,8.6,31.3
46081,SD,6.8,23.6,7.3,25.7
46083,SD,5.5,25.6,6.6,28.7
46085,SD,10.2,33.2,10.4,33.5
46087,SD,7.9,27.4,9,28.5
46089,SD,9.4,27.4,11.8,27.3
46091,SD,9.4,27.9,9.6,32.2
46093,SD,7.3,25.8,8.4,27
46095,SD,12.1,32.6,13.2,32.4
46097,SD,9.1,28.4,10.6,31.4
46099,SD,7,28.2,7.9,27.8
46101,SD,8.3,29.7,11,32.9
46103,SD,7.5,25.9,8.4,27.3
46105,SD,9.6,28.6,10.1,32.8
46107,SD,9.5,28,11,29.2
46109,SD,9.9,32.6,12,32
46111,SD,8,30.1,10.2,29.7
46113,SD,12.4,41,15.8,42.9
46115,SD,8.7,29.4,9.9,31.4
46117,SD,7.9,29.4,9.8,33.4
46119,SD,8.2,30.4,9.3,33.1
46121,SD,12,36.2,18.2,38
46123,SD,9.3,31.9,10.7,30.7
46125,SD,8.7,27.9,8.4,32.9
46127,SD,7.1,29.7,9.2,30.4
46129,SD,10.4,29.8,10.7,28.4
46135,SD,8,29.2,7.9,30
46137,SD,12.2,37.6,16.5,42
47001,TN,13.1,30.1,12.3,31.7
47003,TN,11.3,30.1,11.5,32.1
47005,TN,13.5,31.3,14.3,32.4
47007,TN,11.6,32.9,12.5,32.7
47009,TN,11.2,31.5,13.7,34
47011,TN,12,29.1,14.3,34.9
47013,TN,13.2,33.1,13.4,32.5
47015,TN,10.5,30.8,12.9,33.3
47017,TN,12.7,33.2,14.6,32.4
47019,TN,12.8,34.4,14.2,31.8
47021,TN,10,30.1,12.3,33.8
47023,TN,13.3,33,14.7,32
47025,TN,11.4,30.4,14.8,30.8
47027,TN,11.8,32.4,13.9,31.3
47029,TN,13.2,34.9,15.8,34.4
47031,TN,13.1,33.8,13.1,35.9
47033,TN,12.9,32.7,13.8,33
47035,TN,11.5,29,18.2,29.2
47037,TN,9.4,30.3,10.6,30.9
47039,TN,12.4,29.4,15,36.3
47041,TN,11.7,31.4,14.4,31.8
47043,TN,10.7,30.6,12.6,35.9
47045,TN,12.7,35.8,15.8,37.2
47047,TN,11.5,34.6,17.6,31.1
47049,TN,12.6,31.3,14.6,35.5
47051,TN,11.8,32.5,13.1,30.9
47053,TN,13,33.5,13.1,32.3
47055,TN,12.2,34,14.4,32.1
47057,TN,12.3,30.5,14.4,35
47059,TN,11,32.8,12.3,29.8
47061,TN,11.3,29.5,15.2,31.3
47063,TN,12.4,31.4,13.9,30.8
47065,TN,11.3,29.3,12.2,30.2
47067,TN,11.9,30.4,13,30.6
47069,TN,12.3,38.3,14.7,37.8
47071,TN,11.7,29.6,13.8,31.9
47073,TN,13.7,33.1,14.4,32.9
47075,TN,13.2,36.1,15.3,38.4
47077,TN,10.9,32.8,15.9,34.8
47079,TN,11.7,31.7,14,33.7
47081,TN,10.9,29.5,12.2,32.1
47083,TN,12.1,31.1,15.2,33.2
47085,TN,12.5,31.6,14.1,35.6
47087,TN,13.5,32.3,13.8,34.7
47089,TN,11.4,30.4,12.3,34.2
47091,TN,11.5,30.5,14.1,29.2
47093,TN,11.2,28.6,11.2,29.7
47095,TN,11.1,34.8,13.5,37.5
47097,TN,10.2,34.4,15.4,38.3
47099,TN,12.6,31.5,14.2,34
47101,TN,11.7,29.8,14.5,34.3
47103,TN,10.7,30.8,14.2,32.1
47105,TN,12,30.5,13.3,27.5
47107,TN,12.1,32.4,14.1,33.7
47109,TN,14.1,33.5,16.9,38.6
47111,TN,12.2,33,14.2,34.2
47113,TN,11.2,31.6,14.2,34.3
47115,TN,11.9,34.5,15.9,32.9
47117,TN,12,32.2,14.4,31.3
47119,TN,11.6,32.5,11.9,33.6
47121,TN,11.4,31.9,14.2,27.9
47123,TN,11.4,31.1,14.7,35.5
47125,TN,11.7,30.9,9.8,29
47127,TN,11.9,31.5,14,32
47129,TN,11.5,30.3,12.3,30.3
47131,TN,13.4,31.6,15.5,33.6
47133,TN,11.1,29.6,15.1,33
47135,TN,11.5,32.6,16.3,31.4
47137,TN,13.1,31.2,15,33.1
47139,TN,12,31.1,13.7,34.9
47141,TN,11.3,29.4,12.5,32.6
47143,TN,11.5,31.3,13.7,30.4
47145,TN,12.6,32.2,13.4,34.1
47147,TN,11.9,31.4,12.8,35.6
47149,TN,9.3,30.6,9.9,33
47151,TN,11.8,30.9,13.4,28.9
47153,TN,10.7,31.3,13.5,28.3
47155,TN,12,28.8,12.2,30.6
47157,TN,11.9,33.7,12.2,32.6
47159,TN,11.8,30.2,13.6,36.8
47161,TN,11.5,32.8,15.2,31.4
47163,TN,12.9,31.2,14.4,30.1
47165,TN,11.6,29.1,11.8,29.7
47167,TN,11.1,33.8,13.5,35.4
47169,TN,11.9,31.9,13.2,32.9
47171,TN,13.9,31,14.7,33.4
47173,TN,11,29.4,13.8,31
47175,TN,11.9,31.1,14.6,32.1
47177,TN,10.5,32.9,16.3,31.4
47179,TN,11.4,29.4,12.9,32.2
47181,TN,10.6,29.8,12.3,32.7
47183,TN,10.8,30.7,14.7,30.9
47185,TN,11.2,30.5,13.6,31.2
47187,TN,8.6,27.4,9.2,25.9
47189,TN,10.4,31.9,12.7,31.7
48001,TX,10.6,28.3,11.7,31.6
48003,TX,9.1,28,8.8,28.1
48005,TX,9.3,30,12.9,37.5
48007,TX,10.9,26.8,12.1,26.9
48009,TX,10.2,27.6,10.6,27.1
48011,TX,10.4,27.8,10.6,27.2
48013,TX,8.9,26.8,10.8,27.9
48015,TX,9.8,28,9.7,27
48017,TX,9.4,28,9.5,26.7
48019,TX,9.4,26.3,11.3,27.1
48021,TX,10.3,30,9.7,33.1
48023,TX,10.8,27.5,12.2,28.1
48025,TX,8.1,29.1,8.7,29.3
48027,TX,10.9,29.2,9.2,29
48029,TX,8.1,25.6,8.9,27.3
48031,TX,8.7,27.8,11.2,28.7
48033,TX,9.5,27.6,11.3,27.3
48035,TX,9.9,25.8,10.2,27.8
48037,TX,9.5,28.8,12.7,32.4
48039,TX,10.3,28.2,9.1,31.2
48041,TX,7.4,26.1,7.6,28.4
48043,TX,8.2,25.5,9.7,27.7
48045,TX,11.7,27.5,11.2,26.4
48047,TX,9.9,26.9,10.8,27.2
48049,TX,9.6,25.8,9.5,25.2
48051,TX,11,28,12.2,29.8
48053,TX,9.6,27,10,30
48055,TX,9,28.6,9.8,26.4
48057,TX,9.5,28,11.6,29.1
48059,TX,9.5,28.6,11,28.4
48061,TX,8.7,26.7,9.3,33.2
48063,TX,10.5,28.9,11.2,31.8
48065,TX,10.6,27.8,11,28.4
48067,TX,11,29.3,13.7,31.3
48069,TX,10.1,27.4,9.3,28.1
48071,TX,9.3,28.1,9.6,28.6
48073,TX,9.2,29.6,11.6,30.1
48075,TX,9.1,27.7,9,27
48077,TX,9.4,28.8,11.2,29.4
48079,TX,10.6,28.5,10.9,26.9
48081,TX,11.3,26.6,12.6,28.1
48083,TX,10.2,26.2,11.6,28.1
48085,TX,7.4,23.4,7.9,24.6
48087,TX,10.7,27.7,10.7,28
48089,TX,11,28.1,11.3,28.5
48091,TX,8.5,24.6,8.8,26.7
48093,TX,10.4,26.6,10.8,28.3
48095,TX,8.3,28.7,8.7,27.5
48097,TX,11.3,28.5,10.3,29.2
48099,TX,8.1,28.1,9.1,30.3
48101,TX,12,27.5,12.3,27.4
48103,TX,10.1,28.5,8.8,29.3
48105,TX,10.1,28.5,9.9,27.9
48107,TX,9.9,27.5,9.8,27.8
48109,TX,10,26.8,10,27.6
48111,TX,8.8,27.5,8,31.5
48113,TX,9.3,28.3,9.1,27.6
48115,TX,9.8,28.8,9.1,29.9
48117,TX,9.3,27.5,8.7,29.4
48119,TX,10.3,28,11.9,28
48121,TX,8.5,28.5,8,22.1
48123,TX,10.5,28.3,11.6,30.6
48125,TX,9.8,28.4,9.9,26.6
48127,TX,9.1,27.8,9.3,29.9
48129,TX,10.9,26.8,11.1,27.6
48131,TX,9.4,26.6,9.9,27.8
48133,TX,10.4,27.1,12.2,28.2
48135,TX,9.4,29.7,8.9,31.6
48137,TX,9,28.1,11.8,27.1
48139,TX,8.3,29.5,9.9,29.8
48141,TX,7.7,23.8,9.5,28.4
48143,TX,8.8,27.6,8.9,28.2
48145,TX,11,29,11.5,29.8
48147,TX,9.6,26.2,10.4,28.4
48149,TX,10.8,27.1,11.6,27.1
48151,TX,10.8,27.2,11.7,26.7
48153,TX,10.7,27.7,11.4,26.8
48155,TX,11.4,26.7,11.7,26.3
48157,TX,8.2,25.4,8.4,23.9
48159,TX,9.5,26.9,11.3,26.9
48161,TX,10.1,29.4,11,28.5
48163,TX,8.2,27.1,8.6,27.5
48165,TX,9,27.7,8.9,30.6
48167,TX,9.7,27.5,9.8,27.6
48169,TX,9.6,28.4,8.3,27.5
48171,TX,10.1,25.5,13.3,26.8
48173,TX,9.7,27.8,9.6,26.8
48175,TX,10,26.5,11.9,29.2
48177,TX,10.1,28.1,12,29.5
48179,TX,10.7,29.8,10.9,28.4
48181,TX,9,25.1,9.3,28.9
48183,TX,10.3,29.4,11,35.3
48185,TX,9.9,28.9,11.9,29.1
48187,TX,8.5,28,10,30.9
48189,TX,9.5,28,10.3,30.6
48191,TX,11.2,27.4,12.4,29.1
48193,TX,10.6,26.8,11.8,30
48195,TX,9.3,27.1,9.7,28.1
48197,TX,10.4,27.8,10.9,28.5
48199,TX,10.4,28.4,9.9,32.1
48201,TX,8.8,26.7,8.5,27.2
48203,TX,11.1,29.9,11.9,33.3
48205,TX,9.4,28.8,9.6,27.3
48207,TX,11.7,27.7,10.5,27.3
48209,TX,6.8,25.9,8.7,23.8
48211,TX,10.2,27,9.4,26.8
48213,TX,10.2,28.7,10.9,30.2
48215,TX,9.6,28.7,9.7,34.4
48217,TX,10,29,10.1,28.7
48219,TX,9.5,27,8.7,30.7
48221,TX,10,26.7,11.7,26.5
48223,TX,10.6,29.3,10.5,30.5
48225,TX,11.5,28.6,11.3,28.3
48227,TX,9,29.2,9.7,31.1
48229,TX,10,26.4,10,26.3
48231,TX,10.1,29.8,10.3,27
48233,TX,10.9,28.4,10.5,31.1
48235,TX,9.5,27.3,10.6,27.9
48237,TX,9.8,27.6,9.7,26.9
48239,TX,11.2,28.1,10.9,32.2
48241,TX,10.9,30.1,13.2,29.1
48243,TX,10,25.1,12.4,26.2
48245,TX,11.2,29.7,10.8,33.2
48247,TX,10.1,27.5,9.9,27.3
48249,TX,9,28,9.2,28.5
48251,TX,10,29.6,9.4,30.2
48253,TX,9.1,28.3,9,27.4
48255,TX,8.6,28.9,9.5,29.2
48257,TX,8.5,30.2,9.2,27.2
48259,TX,8.3,24.7,8.9,27.3
48261,TX,9.4,27.6,9.2,26.4
48263,TX,11.3,26.5,12,26.4
48265,TX,10.7,26.1,13.4,26.7
48267,TX,10.2,26,11.6,28.4
48269,TX,9.2,28.2,10.5,27.5
48271,TX,10.8,26.8,10.8,26.7
48273,TX,8.3,27.2,9.2,28
48275,TX,12,27.5,11.2,26.6
48277,TX,10.8,25.5,11.6,32.7
48279,TX,10.1,27.8,10.2,31
48281,TX,9.2,26.9,10.2,28.2
48283,TX,8.7,27.6,8.2,26.6
48285,TX,11.3,26.8,11.7,32
48287,TX,10.1,26.8,10.8,28.1
48289,TX,10.5,27.4,13.8,29.5
48291,TX,9.4,28.3,11,27.6
48293,TX,10.7,28.6,11.8,33.9
48295,TX,9.8,26.9,9.5,27.2
48297,TX,9.6,27.5,10.8,27.6
48299,TX,11.3,24.8,13.3,27
48301,TX,11.3,27.5,10.5,29
48303,TX,7.7,27.4,8.6,27.7
48305,TX,10.2,27.4,10.4,28.4
48307,TX,10.4,26.9,11,28.5
48309,TX,10.1,31.4,9,28.6
48311,TX,10.8,27.6,11.8,32.2
48313,TX,9.5,29.5,9.1,28.8
48315,TX,12.4,29.3,12.5,31.3
48317,TX,9.2,26.8,8.8,27.1
48319,TX,10.3,26.6,12.5,26.2
48321,TX,11.3,28.5,11.2,31.9
48323,TX,9.4,26.7,8.7,29.4
48325,TX,9,29.2,11.2,32.2
48327,TX,11.1,26.5,12.9,27.3
48329,TX,8.3,27.1,8.6,30.9
48331,TX,11.4,28.6,11.9,29.7
48333,TX,10.3,26.3,11.7,26.1
48335,TX,9.9,29.6,8.9,26.6
48337,TX,10.4,26.9,10.7,25.9
48339,TX,8.4,25,10.1,24.5
48341,TX,8.6,28.9,9,29.9
48343,TX,13,28.7,11.1,30
48345,TX,11.6,26.9,13,26.8
48347,TX,9.2,29.5,11.3,32.2
48349,TX,9.7,29.5,10.1,28.4
48351,TX,10.9,28.8,11.7,28
48353,TX,10.8,28.4,10.4,29
48355,TX,10.5,27.9,9.9,33.6
48357,TX,8.4,26.8,8.2,28.7
48359,TX,9.9,28.1,9.3,29.3
48361,TX,9.8,29.3,8.9,29.5
48363,TX,9.3,29.5,12,29.4
48365,TX,10.5,28.3,10.9,30.7
48367,TX,9.3,27.5,10.5,29
48369,TX,9.8,28.1,9.4,29.4
48371,TX,9.4,26.3,9.8,28.6
48373,TX,11,30.1,10.8,29.4
48375,TX,8.9,31.3,8.9,31
48377,TX,9.7,26.1,10.3,26.1
48379,TX,9.7,27.7,11.8,29.7
48381,TX,8.6,26.1,8.2,26.6
48383,TX,9.6,27.8,8.9,27.7
48385,TX,10.6,26,12.1,27.6
48387,TX,11.2,27.9,11.9,30.7
48389,TX,10.2,27.4,8.1,28.3
48391,TX,10.7,27.9,10.9,28.4
48393,TX,10.2,27.9,10.3,26.6
48395,TX,11.5,28.8,10.9,29.8
48397,TX,8.1,27.3,8.9,25.3
48399,TX,11,27.1,11.5,26.8
48401,TX,11.3,28.4,10.8,30.8
48403,TX,11.8,27,13.2,27.8
48405,TX,12.2,28.5,13.7,32.3
48407,TX,10.4,27.6,12.6,28.1
48409,TX,10.1,27,10.5,33
48411,TX,9.9,26.9,11.4,27.4
48413,TX,10.1,27.6,9.8,27.5
48415,TX,9.1,27.7,9.1,26.2
48417,TX,10.1,26.6,10.4,28.3
48419,TX,10.6,29.7,11.7,31.2
48421,TX,8.9,27.2,10,27.5
48423,TX,9.1,27.6,10.2,29.6
48425,TX,9.3,26.9,10.7,27.6
48427,TX,8.5,27.2,8.4,29.6
48429,TX,9.7,27.4,10,27
48431,TX,10,27,10.1,27.4
48433,TX,11.4,26.8,12,27
48435,TX,9,27.3,9.8,26.6
48437,TX,10.4,27.6,9.9,27.7
48439,TX,8.4,26.8,11,29.1
48441,TX,8.7,27.9,9.2,30.8
48443,TX,11.6,26,10.6,26.8
48445,TX,9.5,28,9.8,29.2
48447,TX,11.1,26.4,11.3,26.8
48449,TX,9.1,29.1,9.5,30.9
48451,TX,10.4,27.8,10.1,27.6
48453,TX,6.8,22.7,6.4,20.3
48455,TX,11.3,28,11.5,27.4
48457,TX,10.4,27.1,12.3,31
48459,TX,10.3,27.6,10.7,29.6
48461,TX,10.5,27.1,9.6,26.9
48463,TX,9.5,27.2,10.5,30
48465,TX,10.6,27,8.7,30
48467,TX,9.5,25.8,10.8,30.2
48469,TX,10.3,28.7,10.3,34.3
48471,TX,8.8,31.3,9,29.7
48473,TX,9.7,30.3,12,33.6
48475,TX,9.9,28,9.7,28.5
48477,TX,11.4,29.7,11.8,29.6
48479,TX,9.1,28.4,8.6,31.3
48481,TX,11.2,30.7,10.2,31.9
48483,TX,10.5,27.3,10.8,27.8
48485,TX,10.6,27.4,12.3,31.1
48487,TX,10,28.4,11,28
48489,TX,9,27.9,8.3,27.6
48491,TX,6.9,25,7.4,31.1
48493,TX,10,27.3,9.7,31.4
48495,TX,9.7,27.3,8.7,27.7
48497,TX,8.6,29.8,10.4,30.9
48499,TX,11.2,27.5,11.7,30.1
48501,TX,9.4,27.4,8.6,26.7
48503,TX,10.3,27.8,10.9,27.1
48505,TX,8.9,27.5,8.3,26.3
48507,TX,8.7,27.8,8.7,27.4
49001,UT,7.5,25.6,7.9,25.7
49003,UT,7.5,27.8,9.9,33.5
49005,UT,5.2,23.5,5.6,21.8
49007,UT,8.9,25.5,9.6,26.6
49009,UT,8.9,25,10.1,26.1
49011,UT,5.8,23.7,7.4,25
49013,UT,9.4,26.8,8,27.6
49015,UT,8.5,29.7,8.7,25.8
49017,UT,8.7,25.1,9.7,32.5
49019,UT,8.2,21.5,7.8,22.3
49021,UT,5.7,24.7,6.8,23.3
49023,UT,7.2,26,10.2,28
49025,UT,9.1,25.4,9.8,26.1
49027,UT,7.9,21.4,9.3,31.3
49029,UT,6.7,21.3,8.3,22
49031,UT,8.7,26.6,10.1,26.1
49033,UT,8.4,25.7,8.7,26.4
49035,UT,6.9,23.6,7.2,25.4
49037,UT,9.6,25.1,10.6,26.7
49039,UT,7.4,26.4,7.9,25.4
49041,UT,7.6,23.1,9.5,29.9
49043,UT,3.9,13.9,4.2,14.4
49045,UT,7.7,30.5,9.2,31.7
49047,UT,8.7,27.4,8,27.6
49049,UT,5.6,24.2,5.5,24.4
49051,UT,5.6,22.4,6.5,23
49053,UT,7.7,23.2,7.8,23.7
49055,UT,8.5,23.6,8.5,22.8
49057,UT,7.4,26.3,8.3,28.4
50001,VT,5.9,21.6,6.7,23
50003,VT,7.9,22.6,8.8,24.1
50005,VT,7.4,25,8.2,28.3
50007,VT,5.2,19.1,6.5,19.8
50009,VT,6.8,23.9,10.2,29.8
50011,VT,7.8,27.5,8.1,27.5
50013,VT,6.5,24.4,7.4,26.8
50015,VT,6.6,23.7,7,25.2
50017,VT,6.9,25.8,7.7,26.6
50019,VT,7.6,26.2,9.3,28.5
50021,VT,8.1,25.1,9.4,29.5
50023,VT,7.7,21.9,8.3,23
50025,VT,7.2,22.9,7.5,23.4
50027,VT,7.4,23.6,8.1,24
51001,VA,11.8,31.4,13.6,34.7
51003,VA,8.6,23.9,7.6,22.6
51005,VA,11.1,26.4,11,33
51007,VA,11,29.2,11.8,29
51009,VA,12.2,28.4,12.7,29.4
51011,VA,11.9,29.1,11.6,29.3
51013,VA,6.9,20.8,4.2,16.1
51015,VA,9.4,26.2,11.6,34
51017,VA,11.2,27,10.9,28.7
51019,VA,9.1,24.9,11.1,33.1
51021,VA,10.6,27.9,10,30.9
51023,VA,10.4,26.7,11.1,25.6
51025,VA,12.5,32.8,12,35.9
51027,VA,13.3,30.9,14.6,31.8
51029,VA,12.2,31,14.3,33.5
51031,VA,10.5,28.5,11,31.5
51033,VA,10.7,29.4,10.5,29.6
51035,VA,12,29.9,12.3,29.1
51036,VA,14.5,33,14.2,35.2
51037,VA,11.5,28.3,12,33.5
51041,VA,8.6,27.3,9.1,26
51043,VA,10.3,26.3,10.7,26.8
51045,VA,9.5,26,10.7,27.8
51047,VA,9.1,28.8,10.6,31.8
51049,VA,11.6,30.7,13.8,32.1
51051,VA,10.5,29.4,10.4,35.1
51053,VA,11.6,31.2,11.4,32.7
51057,VA,12.8,31.3,14.1,32.7
51059,VA,7.8,22.7,6.2,20.3
51061,VA,9.5,26.4,10.3,25.5
51063,VA,9.5,25.7,9.5,26.5
51065,VA,10.6,28.2,11.1,27.6
51067,VA,10.2,26.3,11.1,28.4
51069,VA,9.1,29.1,9.3,31.7
51071,VA,11.1,24.7,10.6,30.3
51073,VA,9.6,25.7,11.1,34.5
51075,VA,9.5,26,11.5,28.4
51077,VA,11.6,26.6,11,30.3
51079,VA,8.7,27.5,9.9,27.9
51081,VA,11.3,32.1,14.1,32.7
51083,VA,14.7,30.9,15.9,32.4
51085,VA,9.3,25.8,9.4,27.4
51087,VA,9.1,27,9.7,27.5
51089,VA,12,28.2,15.1,32.3
51091,VA,11.4,25.4,12.4,26.3
51093,VA,11.9,29.9,12.6,29.3
51095,VA,9.5,26,10.5,25.2
51097,VA,12.1,30.3,12.2,30.1
51099,VA,8.9,27.5,9.3,28.3
51101,VA,9.9,29.3,10.3,26.3
51103,VA,13.4,27,13.8,29.8
51105,VA,12.6,32.6,12.1,29.4
51107,VA,6.6,23.3,6.9,21.6
51109,VA,10.2,28.7,10.9,32.4
51111,VA,12.1,31.1,13.2,27.5
51113,VA,9.9,29.3,11.4,29.1
51115,VA,11.7,27.6,11.9,27.8
51117,VA,12.7,29.9,13.7,30.9
51119,VA,11.9,26.7,12.4,26.2
51121,VA,6.6,26,6.8,24.2
51125,VA,10.7,26,12.9,29.7
51127,VA,9.5,28.6,9.9,28.2
51131,VA,13.3,29.8,14.6,36.1
51133,VA,13.2,29.9,14.8,26.3
51135,VA,11.8,31.3,14,34
51137,VA,9.9,27,10.1,28.3
51139,VA,9.5,28.4,10.9,28.3
51141,VA,11.4,27.5,12.5,30.9
51143,VA,11.5,28.5,14.3,32
51145,VA,8.9,26.9,10.7,30
51147,VA,11,30.1,11.4,32.1
51149,VA,9.4,30.1,12.3,33.2
51153,VA,9.2,27.9,7.9,25.5
51155,VA,11.4,26,13.7,33
51157,VA,10.7,26.4,11.7,27.2
51159,VA,10.9,28.9,11.6,29.9
51161,VA,10.2,24.4,11.5,26.6
51163,VA,10.7,28.3,11.4,24.8
51165,VA,9.5,28.3,9.9,26.4
51167,VA,12.2,27.2,11.5,28.9
51169,VA,10.4,26.8,14.1,31.2
51171,VA,11.5,27.4,10.5,26.6
51173,VA,9.8,26.9,9.7,29.6
51175,VA,11.5,28.8,12.6,31.1
51177,VA,9.5,28.5,12.6,32.7
51179,VA,8.1,27.4,8.3,29.6
51181,VA,12.7,31.7,14,35.3
51183,VA,12,32.2,13.5,35.9
51185,VA,11.3,29,15.3,30.3
51187,VA,9.9,27.8,10.6,29.2
51191,VA,11.3,24.4,13.1,30
51193,VA,12.5,29.8,13.5,30.7
51195,VA,10.5,31.6,12.1,30.8
51197,VA,11.2,27.7,12.1,31.3
51199,VA,10,28.1,9.5,26.1
51510,VA,7.4,21.3,6.2,20.1
51515,VA,12.6,28.4,NA,NA
51520,VA,10.7,25.4,10.5,27.3
51530,VA,10.3,26.2,9.7,25.9
51540,VA,8.9,26,8.3,25.9
51550,VA,9.7,27.9,10.2,32.3
51570,VA,10.3,26.9,11.6,26.8
51580,VA,11.1,27.3,10.7,26.4
51590,VA,12.9,27.8,15.3,34.1
51595,VA,13.4,30.9,13.4,29.7
51600,VA,9.6,26.9,7.5,21.8
51610,VA,10.5,26.9,10.2,27.5
51620,VA,13,30.8,14.9,34.4
51630,VA,10,27,8.9,28.8
51640,VA,10.7,26.4,10.8,26
51650,VA,11.5,34.5,12.4,34.8
51660,VA,7.7,26.2,6.7,24.8
51670,VA,11.8,30.9,13.6,31.8
51678,VA,9.7,26.7,8.1,26
51680,VA,11.3,29.1,11.3,27.1
51683,VA,10.4,27,8.2,28.7
51685,VA,8.8,28.3,7.9,28.3
51690,VA,13.2,30,12.8,33.5
51700,VA,9.9,29.7,12.7,32.3
51710,VA,10.4,30.6,9.2,30.1
51720,VA,10.3,26.6,9.6,26.2
51730,VA,14.8,34.3,15.6,41.4
51735,VA,10.1,26.4,11.5,24.7
51740,VA,12.5,32.5,14,37.2
51750,VA,7.7,25.7,6.9,29.6
51760,VA,12.7,29.4,10.3,30
51770,VA,11.7,30.8,11.9,31.9
51775,VA,9.9,26.7,9.3,25.2
51790,VA,11.2,26.5,10.2,27.1
51800,VA,10.9,30.8,10.9,31.9
51810,VA,9.5,25.1,8,27.9
51820,VA,10.6,26.8,9.5,29.7
51830,VA,9,27,8.9,26
51840,VA,9.9,26.8,8.9,26.7
53001,WA,11.1,35.8,11,34.4
53003,WA,10,30.5,12.9,33.4
53005,WA,8.7,29.8,9.5,31.5
53007,WA,8.2,22.6,9.4,26.7
53009,WA,9.4,27,11.4,26.3
53011,WA,8.4,28.7,9.6,29.9
53013,WA,10.6,28.2,11.9,30
53015,WA,9.1,35.8,11.8,32.1
53017,WA,7.1,27.6,8.6,28.7
53019,WA,7.7,23,10.7,28.1
53021,WA,7.1,30,7.1,30.1
53023,WA,11.7,31.2,14.4,33.1
53025,WA,9,31.2,9,34.3
53027,WA,11.4,33.2,11.6,36.9
53029,WA,8.4,23.9,9.4,27.4
53031,WA,7.5,22.2,11.2,24.5
53033,WA,6.6,21.7,6.8,22.2
53035,WA,8.2,28.4,8.7,29.6
53037,WA,6.3,23.6,7.9,28.9
53039,WA,8.8,27.9,10.3,27.5
53041,WA,10.2,35.4,9.5,32.8
53043,WA,9.5,32,10.4,31.2
53045,WA,8.5,29.3,11.1,30.5
53047,WA,8.9,27.1,10.5,28
53049,WA,12.2,30.6,12.6,31.6
53051,WA,9.8,30,13.9,28.8
53053,WA,9,29.9,9.4,30
53055,WA,6.1,18.4,10.2,20.7
53057,WA,7.9,29.6,9.1,26.4
53059,WA,7.9,33.9,9.1,28.1
53061,WA,7.8,28.3,9.9,29.4
53063,WA,7.9,27.1,9.3,29.2
53065,WA,8.5,26.4,10.6,30.6
53067,WA,8.1,27.6,8.8,28.1
53069,WA,11.8,28.6,12.8,31.4
53071,WA,8.7,26.8,10.4,28
53073,WA,6.8,23.4,7.9,23.1
53075,WA,6.2,26,6.6,22.9
53077,WA,9.5,30.6,10.2,29.6
54001,WV,12.5,35.4,15.3,37.6
54003,WV,9.8,31.9,10.5,34.3
54005,WV,14.7,32.7,15,35.4
54007,WV,13.1,32,15.9,32.5
54009,WV,14.2,32.1,16.1,39
54011,WV,14.3,32,13.5,30.5
54013,WV,11.5,33.2,14,32.7
54015,WV,13.4,36.3,14.6,32.6
54017,WV,12.3,31.2,13,35.7
54019,WV,12,31.3,14,35.6
54021,WV,12.3,34.4,11.8,39
54023,WV,12.3,31.8,15.7,38.9
54025,WV,11.3,29.3,13.6,34.2
54027,WV,11.3,33.3,13.4,33.8
54029,WV,13.6,32.7,12,34.8
54031,WV,12.9,31.9,15.4,37
54033,WV,13.8,31.5,14.3,33.7
54035,WV,12.7,34.2,13.2,31.7
54037,WV,10.2,31.8,10.1,33.2
54039,WV,12.8,30.6,14.1,32.7
54041,WV,14,30.1,14.2,35.9
54043,WV,14.2,37.8,15.7,39.9
54045,WV,15.2,34,17.5,40.7
54047,WV,15.3,32.9,17.6,42.1
54049,WV,11.4,31.3,10.9,32.6
54051,WV,12.3,30.9,14,35.2
54053,WV,13.1,31.9,13.2,36.1
54055,WV,11.9,31.2,15.5,37.4
54057,WV,11.6,33.6,14.1,34.5
54059,WV,12.7,32.6,13.2,40.3
54061,WV,8.4,28.4,9.1,28.8
54063,WV,13.3,29.8,13.7,30.9
54065,WV,11.7,29.2,14.3,32.6
54067,WV,12.8,33.9,15.7,38.2
54069,WV,12.2,29.9,12.2,31.4
54071,WV,12.4,31.9,14.3,36
54073,WV,12,31,13.7,38.8
54075,WV,13.2,31.4,13.8,31.4
54077,WV,10.9,31.1,10.6,35.9
54079,WV,11.4,30.3,11.7,34.6
54081,WV,13.8,31.6,15.2,35.6
54083,WV,12,29.7,12.7,34.8
54085,WV,12.6,31.2,15.2,35.7
54087,WV,13.8,32.6,16.1,36.2
54089,WV,13.3,33.2,15.3,36.1
54091,WV,11.5,31,11.8,37
54093,WV,13.1,31.8,13.8,37.8
54095,WV,12.2,32.9,13.7,32.6
54097,WV,13.6,28.9,12.7,38.2
54099,WV,12.1,32.5,16.5,37.7
54101,WV,13.5,31.2,16.7,34.7
54103,WV,11.9,32.2,13,33
54105,WV,14.2,33.5,14.8,36.9
54107,WV,12.3,30.6,14,35.9
54109,WV,15.2,34.3,14.9,38.8
55001,WI,9.7,30.6,12.8,34
55003,WI,9.1,27.4,11,27.3
55005,WI,8.5,28.6,9,31.6
55007,WI,9,28.2,9.5,28.7
55009,WI,7.4,27.4,9.3,28.4
55011,WI,9.6,30.1,10.2,32
55013,WI,10.1,29,10.6,28.7
55015,WI,6.9,28.6,8.1,31.3
55017,WI,7.8,28.1,8.2,30.2
55019,WI,8.2,28.6,8.8,34.1
55021,WI,7.8,27.6,8,34.7
55023,WI,9,27.6,9.5,33.1
55025,WI,6.3,25.2,6.3,23.7
55027,WI,7.6,30.7,9.8,31.7
55029,WI,8.9,27.4,10,27.5
55031,WI,8.3,28.6,9.8,32.2
55033,WI,6.6,27.9,9.4,32.3
55035,WI,6.9,26.4,8,29.2
55037,WI,9,28.6,11.8,32
55039,WI,8.1,29.6,8.7,30.1
55041,WI,10.2,29.2,12.5,34.7
55043,WI,8.1,27.4,8.2,31.9
55045,WI,7.9,27.5,10.5,31.4
55047,WI,9.2,27.2,11.4,34.6
55049,WI,8.6,29.2,8.6,31.8
55051,WI,9.3,27.3,12.4,29.1
55053,WI,8.8,30.1,9.8,32.6
55055,WI,8,30,7.7,29.4
55057,WI,8.9,28.9,11.6,35.8
55059,WI,7.9,28.1,8.9,32.9
55061,WI,8.3,30.7,9.5,33.5
55063,WI,7.3,26.4,8.1,28.3
55065,WI,8.3,29.9,9.3,35.3
55067,WI,9,30.1,9.8,29.9
55069,WI,9.1,29.5,9.5,32.8
55071,WI,8.2,30.1,8.6,30.8
55073,WI,8.7,28.2,9.1,29.5
55075,WI,8.5,28.4,11.5,35.3
55077,WI,9.3,30.4,12.1,34.9
55078,WI,12.6,31.2,13.9,42.5
55079,WI,9.5,30.2,10.1,32.9
55081,WI,8.7,27.5,8.9,33
55083,WI,8.4,27.6,9.5,30.4
55085,WI,9.2,27.4,10.1,32.8
55087,WI,8.2,27.6,8.5,30.1
55089,WI,7.9,26.4,9.1,27.1
55091,WI,8.7,29.3,11.7,34.2
55093,WI,6.8,26.6,8.6,30.3
55095,WI,7.9,26.7,11,30.3
55097,WI,7,28.1,7.5,33.4
55099,WI,9.8,29.8,12.3,34
55101,WI,8.4,29.8,10.6,32.9
55103,WI,8.7,30,9.5,31.8
55105,WI,8.3,29.1,10.2,36.9
55107,WI,9,28.8,10.1,31.7
55109,WI,6.9,27.6,7.2,26.2
55111,WI,8.1,27.9,10.7,32.5
55113,WI,9.5,27.9,11,29.7
55115,WI,8.9,28.2,10.1,33.8
55117,WI,8.2,28.1,9.7,29.4
55119,WI,8.5,27.4,9,34.4
55121,WI,8.9,30.1,8.9,29.6
55123,WI,8.2,27.8,9,32.8
55125,WI,9.2,27,12.2,27.7
55127,WI,7.3,26.9,7.8,25.1
55129,WI,9.6,28.5,10.5,30.8
55131,WI,7.2,27.1,8.2,29.2
55133,WI,7.2,27.1,7.9,27.5
55135,WI,8.3,28.5,9.9,28.5
55137,WI,8.6,29,10.6,32.9
55139,WI,7.6,27.6,8.6,31.9
55141,WI,8.7,27.5,8.1,32.3
56001,WY,5,20.9,6.9,23.3
56003,WY,8.5,27,11.7,28.9
56005,WY,6.5,28.4,7,34.3
56007,WY,7.7,29.5,8.2,28.2
56009,WY,6.7,27.7,10.2,28.3
56011,WY,7.8,25.7,8.9,25.9
56013,WY,8.2,25.1,9.6,28.3
56015,WY,8.6,25.7,9,29.9
56017,WY,8.8,25.3,11,27
56019,WY,8.3,22.9,8.7,21.1
56021,WY,8.1,24.4,10.1,29.7
56023,WY,7.9,21,8.6,25.6
56025,WY,7.4,26.1,9,29.4
56027,WY,7.9,27.1,8.4,25.5
56029,WY,6.7,21.8,8,25.5
56031,WY,9.3,22.6,8.8,28
56033,WY,8.9,23.9,9.8,23.3
56035,WY,5.3,24,6.9,23.5
56037,WY,6.8,29.6,8.1,31.7
56039,WY,4.1,13.2,4.8,12.7
56041,WY,6.3,30.3,9,27.9
56043,WY,10.5,24,12,27.7
56045,WY,7.1,28.6,10,29.2
